Iteration	Posterior	Likelihood	Prior	rate_log_sd	rate_loss	tree_length
0	-55.52007	-97.81199	42.29192	0.2233741	2.12974	0.6251126
6	-63.70388	-105.4054	41.70148	0.7286157	2.12974	0.2990448
12	-54.18455	-94.81998	40.63543	1.436952	1.799488	0.1200796
18	-52.93665	-93.82847	40.89182	1.404206	1.798637	0.1638145
24	-61.2219	-101.7121	40.4902	1.404206	2.854138	0.20947
30	-60.54455	-103.9321	43.38757	0.7032232	0.4383471	0.6026255
36	-58.28926	-100.8403	42.55099	0.6098296	1.190841	0.6334929
42	-60.26474	-104.1858	43.92108	0.8358571	0.1609071	0.4014513
48	-47.68068	-91.75458	44.0739	0.6890329	0.1609071	0.4147796
54	-48.52165	-92.23567	43.71401	0.679232	0.2617329	0.3148354
60	-51.12932	-93.49001	42.36069	1.373932	0.5179778	0.2290585
66	-52.28856	-92.98414	40.69557	1.553842	1.659965	0.1346332
72	-51.03823	-93.44571	42.40748	0.7676608	0.6455849	0.1298091
78	-52.57955	-95.5199	42.94034	0.7417308	0.7183344	0.4530707
84	-49.55642	-93.10663	43.55021	0.3471381	0.4875577	0.7948239
90	-53.31358	-97.96473	44.65115	0.4691226	0.07252363	0.4246543
96	-59.48314	-102.8216	43.3385	0.2488683	0.7134978	0.7662544
102	-61.93652	-103.8521	41.9156	0.453054	0.7334619	1.78605
108	-60.54141	-103.7209	43.17952	0.3383862	0.7104238	0.8616003
114	-58.74988	-101.8079	43.05804	0.1203986	1.190966	0.5836659
120	-58.20546	-102.2539	44.04845	0.564361	0.2094665	0.4194179
126	-57.65936	-101.7454	44.08608	0.3872543	0.2103415	0.2727773
132	-66.86918	-106.7338	39.86463	1.736704	3.722462	0.2293876
138	-66.8948	-107.9697	41.07486	1.696191	0.802615	0.09962726
144	-54.90819	-95.91333	41.00514	1.017142	3.196144	0.4142375
150	-57.21856	-100.2389	43.02029	1.066649	0.1675186	0.1194929
156	-55.37751	-96.14298	40.76546	2.18481	0.3174599	0.05002136
162	-58.62139	-99.35239	40.731	1.941205	1.451751	0.203037
168	-64.08123	-103.381	39.29972	1.941205	5.063215	0.2578949
174	-63.06523	-103.0602	39.99499	2.525571	0.4397705	0.0408579
180	-67.30604	-106.6948	39.38878	2.525571	1.527071	0.07840493
186	-66.85861	-107.0957	40.23712	1.693788	1.895688	0.1080642
192	-59.15007	-101.5112	42.36112	0.1631997	1.742924	0.9426079
198	-57.72525	-101.0725	43.34723	0.3806422	0.6830884	0.4529054
204	-58.89275	-101.4116	42.51885	1.037353	0.8138007	0.4204993
210	-55.81134	-96.96354	41.1522	1.037353	2.096823	0.1829981
216	-50.69668	-93.7569	43.06023	0.5989997	0.69112	0.6987106
222	-54.4073	-98.47888	44.07158	0.2215492	0.3158505	0.6990069
228	-56.44902	-98.53074	42.08173	0.7067691	1.446594	0.2491308
234	-52.89256	-94.58893	41.69637	0.914136	1.984198	0.4177555
240	-48.72494	-91.03377	42.30883	0.4620519	1.739253	0.4431237
246	-47.92646	-91.36211	43.43565	0.3941556	0.6099379	0.5440956
252	-51.73282	-93.9408	42.20798	0.6347636	1.48532	0.2993507
258	-57.52682	-99.49014	41.96332	1.084353	1.362434	0.5193958
264	-55.31054	-98.59075	43.28021	0.1302402	0.9496134	0.430828
270	-55.29746	-99.13265	43.83519	0.1021301	0.5248867	0.3964478
276	-53.56905	-96.08007	42.51102	0.1210174	1.900927	0.6626967
282	-52.14843	-96.66246	44.51403	0.6221964	0.0497919	0.301841
288	-56.36798	-100.176	43.808	0.5720449	0.2965493	0.4055973
294	-55.81899	-99.96506	44.14606	0.720064	0.1357694	0.5315156
300	-55.65392	-99.11756	43.46364	0.2551169	0.6041887	0.7906021
306	-53.76194	-96.79507	43.03313	0.1495085	1.199616	0.4796451
312	-51.96389	-95.07845	43.11455	0.2117721	0.7292762	1.038962
318	-58.04577	-99.3617	41.31593	0.08467353	2.584454	1.50407
324	-57.90962	-101.5037	43.59404	0.08257878	0.7166044	0.4254268
330	-56.20302	-98.82676	42.62374	0.7070321	1.024742	0.5895587
336	-58.56217	-101.317	42.75487	0.02883507	1.316991	0.9942384
342	-53.38949	-95.68512	42.29563	0.415358	1.447028	0.2157175
348	-58.22993	-100.0357	41.80573	0.7653158	1.476878	0.1777711
354	-57.05242	-99.78871	42.73629	0.5003882	1.004851	0.2876828
360	-61.10516	-104.1134	43.00821	0.1046319	1.271161	0.5727819
366	-49.59907	-93.3548	43.75573	0.0525368	0.616102	0.596056
372	-49.56705	-92.45765	42.8906	0.2559408	1.087148	0.8114272
378	-54.8709	-97.77833	42.90743	0.2687376	1.180904	0.6169923
384	-58.53064	-101.9141	43.3835	0.2229389	0.7636675	0.6169923
390	-55.99326	-98.68567	42.69241	0.490465	1.189198	0.5730453
396	-56.30682	-98.62932	42.3225	0.7208167	1.266225	0.7327701
402	-52.31518	-96.47616	44.16097	0.4025899	0.2314	0.4696915
408	-51.66825	-94.52298	42.85473	0.8445072	0.7086091	0.496794
414	-56.24895	-99.27144	43.02249	0.2454071	1.09451	0.5756672
420	-53.67821	-98.32759	44.64938	0.244743	0.1283978	0.5277039
426	-56.61891	-99.0768	42.45789	0.3613284	1.676918	0.4947634
432	-51.06834	-95.49228	44.42394	0.2790312	0.1843901	0.4947634
438	-50.15425	-94.14065	43.9864	0.2086031	0.3926116	0.5123752
444	-51.00925	-93.94135	42.9321	0.4243637	1.012936	0.5123752
450	-58.37337	-101.6326	43.25919	0.04030247	0.852959	0.915378
456	-54.6488	-97.69418	43.04539	0.03254101	1.017018	0.9674017
462	-50.98941	-94.84083	43.85141	0.1284528	0.4119417	0.8607788
468	-55.73826	-98.09263	42.35437	0.08115021	1.842133	0.9692017
474	-56.80051	-99.88286	43.08236	0.06534302	1.214447	0.6148538
480	-59.35073	-101.0333	41.68258	0.05407259	3.034901	1.06015
486	-61.12554	-104.2478	43.12226	0.6278714	0.6693078	0.4794375
492	-57.79777	-100.4326	42.63481	0.09022208	1.579395	0.8403072
498	-56.83597	-99.28446	42.44849	0.1812992	1.038769	1.345929
504	-60.89552	-102.4917	41.59616	1.101124	1.814257	0.3834083
510	-62.61832	-103.315	40.6967	1.435933	2.862383	0.6695441
516	-55.65498	-98.78953	43.13455	0.1414285	0.9065388	0.8752264
522	-53.0884	-96.54655	43.45815	0.3156158	0.564073	0.7966089
528	-53.06028	-96.72234	43.66206	0.4039393	0.2716478	1.084361
534	-52.87275	-97.25245	44.37969	0.2792884	0.154704	0.2789098
540	-57.51128	-100.2485	42.73722	1.001864	0.5305643	0.2399177
546	-59.35268	-101.5317	42.17907	1.186172	0.9312316	0.3304904
552	-54.78797	-97.80474	43.01677	0.2360008	1.005517	0.7744621
558	-50.23563	-94.23941	44.00378	0.07013389	0.4579849	0.5144543
564	-54.26737	-96.29724	42.02987	0.6761884	1.84736	0.4639319
570	-56.16038	-98.76151	42.60113	0.6761884	1.064143	0.3878917
576	-57.34635	-100.2223	42.87592	0.419154	1.064143	0.4267444
582	-55.11788	-98.45517	43.33729	0.3967059	0.6731038	0.4267444
588	-56.8319	-100.5128	43.68088	0.05999288	0.5656525	0.835975
594	-48.71633	-92.70171	43.98537	0.0675944	0.4649063	0.5711676
600	-49.8115	-92.59737	42.78586	0.05641404	1.366919	0.8890892
606	-50.38397	-94.27258	43.88862	0.0675399	0.4268166	0.8559178
612	-53.08544	-95.96737	42.88194	0.4844257	0.9875225	0.4162825
618	-48.68915	-91.71618	43.02703	0.430668	0.9000911	0.4162825
624	-49.03779	-93.3727	44.33492	0.362983	0.1763394	0.3861975
630	-50.35055	-94.51783	44.16728	0.01541608	0.3834425	0.3861975
636	-56.70331	-99.27659	42.57328	0.3297527	1.476845	0.6895942
642	-54.19761	-96.96934	42.77173	0.307514	1.289207	0.628575
648	-56.72469	-99.57667	42.85197	0.8735061	0.663668	0.6399587
654	-66.78736	-110.6312	43.84384	0.01596007	0.3883026	1.03645
660	-49.06416	-93.04783	43.98367	0.1557165	0.4155589	0.426498
666	-47.68795	-91.1225	43.43455	0.4181393	0.5496519	0.3348307
672	-51.31444	-94.40586	43.09142	0.9202237	0.4899336	0.439951
678	-51.76091	-92.98689	41.22598	1.120772	1.231935	0.1000721
684	-51.27467	-93.2386	41.96393	1.120772	1.058851	0.2339753
690	-56.25975	-99.546	43.28625	0.158795	0.9013759	0.6255446
696	-58.56385	-100.9745	42.41067	0.2993468	0.9549173	1.348994
702	-55.43738	-98.00914	42.57175	0.03384329	1.956199	0.6480827
708	-52.64519	-96.2436	43.59841	0.4079904	0.484003	0.6152546
714	-51.40001	-95.17774	43.77773	0.5063229	0.3121344	0.3253056
720	-56.51085	-98.94564	42.43479	1.125272	0.8036313	0.4018712
726	-54.0225	-95.55878	41.53628	1.125272	1.473409	0.2049554
732	-52.87617	-94.66824	41.79208	1.251957	1.116919	0.2402159
738	-56.86085	-100.0667	43.20587	0.6215037	0.5881186	0.3747253
744	-56.28549	-100.6022	44.31673	0.745454	0.08067761	0.3828742
750	-58.26083	-100.8445	42.58364	0.4182308	1.366414	0.366799
756	-59.54846	-102.0678	42.51931	0.2289559	1.595707	0.7956612
762	-56.84784	-99.5801	42.73226	0.1084805	1.595707	0.6426009
768	-68.34785	-110.7879	42.44004	0.2250854	1.595707	0.8973864
774	-69.49215	-110.8313	41.33914	1.186679	1.986285	0.3094749
780	-64.61735	-105.2111	40.59372	1.280786	3.517146	0.371918
786	-63.64529	-106.1548	42.50956	1.280786	0.6273762	0.4102839
792	-55.91582	-96.29997	40.38415	0.9343027	4.61663	0.233234
798	-55.99198	-97.35524	41.36327	0.5230395	2.750777	0.1912707
804	-54.03678	-97.31427	43.27749	0.5678335	0.5583602	0.7018912
810	-58.38959	-101.0347	42.64513	0.5882512	1.135112	0.4411732
816	-56.22906	-98.49501	42.26595	1.233246	0.8363418	0.3643855
822	-57.12	-101.2971	44.17708	0.4362131	0.2056482	0.395879
828	-58.48966	-101.913	43.42339	0.8178234	0.3691717	0.4803166
834	-57.18163	-99.9786	42.79697	0.9987664	0.6360467	0.4803166
840	-56.6082	-99.41443	42.80623	0.9131744	0.6925043	0.4803166
846	-61.66602	-104.4838	42.81774	0.1994194	0.6925043	1.347055
852	-64.87591	-107.8566	42.98067	0.6002043	0.786988	0.6099567
858	-68.7334	-111.0382	42.30482	0.1835128	0.9445035	1.527334
864	-56.84846	-99.88024	43.03178	1.278546	0.2357073	0.2271002
870	-50.28319	-93.58899	43.3058	0.9627917	0.2514151	0.2271002
876	-54.64665	-97.42583	42.77918	0.2420321	1.220802	0.8182537
882	-54.23245	-97.90634	43.67389	0.3882303	0.3749767	0.8485042
888	-53.13888	-93.83912	40.70025	0.722685	5.034658	0.4577306
894	-50.27623	-94.44107	44.16484	0.2013202	0.2977089	0.3845993
900	-55.31853	-97.08562	41.76709	0.05429748	3.738023	0.5828218
906	-54.59873	-97.08598	42.48725	0.4897644	1.434759	0.4174644
912	-56.89311	-100.0625	43.16936	0.2122373	0.9771374	0.5782283
918	-54.15366	-97.84117	43.68751	0.2893435	0.485356	0.6758609
924	-50.42144	-94.6138	44.19236	0.05069973	0.365623	0.5577184
930	-54.72418	-98.0345	43.31032	0.3522129	0.6518028	0.7756601
936	-47.96965	-91.6164	43.64675	0.1263413	0.6516492	0.5312046
942	-62.86561	-107.0669	44.20134	0.1805929	0.2911964	0.3852825
948	-54.33911	-97.82131	43.4822	0.4789729	0.5176257	0.4243205
954	-57.53017	-99.99135	42.46118	0.6052685	1.14673	0.2655353
960	-50.83755	-94.90725	44.0697	0.05580486	0.3629454	0.7989818
966	-49.56468	-92.66987	43.10519	0.05501417	1.196885	0.6220255
972	-50.95511	-94.75447	43.79936	0.4905472	0.3461164	0.5012147
978	-54.47286	-97.00549	42.53263	0.4020578	1.458349	0.3718033
984	-52.46283	-94.40157	41.93874	0.3849275	2.490301	0.6314861
990	-66.06438	-108.1809	42.11647	0.6454193	1.702601	0.6554574
996	-66.45729	-107.4124	40.95515	0.7845247	3.464111	0.2493045
1002	-61.72693	-104.4212	42.69431	0.2372112	1.514308	0.4719342
1008	-56.34131	-99.43535	43.09404	0.4795919	0.4703271	1.160679
1014	-55.85565	-99.72368	43.86803	0.1976949	0.4572373	0.4328597
1020	-58.60489	-100.4463	41.84142	0.6580214	1.780405	0.223675
1026	-50.25315	-93.98352	43.73038	0.6580214	0.3016321	0.4895436
1032	-49.13897	-92.2902	43.15123	0.8261699	0.5154596	0.5044553
1038	-50.88134	-93.32074	42.4394	1.217374	0.6816993	0.3279259
1044	-54.0921	-97.1863	43.09419	0.1365657	0.7305809	1.126264
1050	-51.66248	-95.39134	43.72886	0.2563188	0.508766	0.4613967
1056	-50.60613	-93.34243	42.7363	0.6772507	0.8309812	0.2818403
1062	-52.26008	-95.47052	43.21044	0.1305082	0.9912566	0.649621
1068	-47.02885	-90.75328	43.72443	0.2052596	0.4651936	0.8027186
1074	-48.63491	-93.16631	44.5314	0.07411986	0.202421	0.3679477
1080	-51.44476	-94.22583	42.78107	0.1381394	1.530714	0.532567
1086	-56.28701	-96.78334	40.49633	0.7752162	5.306356	0.729155
1092	-54.29999	-96.38313	42.08314	0.5544969	1.807986	0.7521154
1098	-54.06574	-96.51034	42.44459	0.2741974	1.807986	0.5909981
1104	-53.14025	-96.13486	42.99461	0.01399814	1.008903	1.044347
1110	-52.15786	-95.54239	43.38453	0.6813793	0.3705649	0.8547114
1116	-50.93758	-93.72643	42.78886	0.7347941	0.6830272	0.2422965
1122	-50.58357	-94.22738	43.64381	1.105582	0.153383	0.3511524
1128	-50.50175	-92.69259	42.19084	0.8167377	1.366272	0.3748274
1134	-50.77736	-93.748	42.97064	1.090221	0.3937026	0.284869
1140	-49.51368	-92.55516	43.04149	0.652801	0.5856469	0.2596335
1146	-51.77346	-94.74256	42.9691	0.7412064	0.5856469	0.2686016
1152	-56.01102	-99.03347	43.02245	1.280068	0.3398329	0.5203892
1158	-51.26807	-95.1964	43.92833	0.1324592	0.3000927	1.024268
1164	-54.73448	-96.48684	41.75235	0.6604512	1.900353	0.9553856
1170	-55.47053	-97.71358	42.24305	0.3002052	1.643771	0.9916262
1176	-62.5235	-104.0405	41.51704	0.3693249	3.279594	0.785409
1182	-55.77656	-97.69625	41.91968	0.6306429	1.911058	0.785409
1188	-57.06155	-101.0329	43.97135	0.6306429	0.1374021	0.9519909
1194	-63.14276	-105.0851	41.94229	0.3948508	1.727289	1.13355
1200	-62.39131	-104.1846	41.79329	0.7815907	1.394243	1.13355
1206	-63.6861	-105.6625	41.97636	0.1543604	1.394243	1.493518
1212	-60.43085	-101.0501	40.61928	1.034496	3.683004	0.246782
1218	-60.76475	-101.4767	40.71195	0.9557215	3.683004	0.2537445
1224	-57.55618	-99.21524	41.65906	1.462719	1.123804	0.2867918
1230	-55.24462	-95.78779	40.54317	1.922338	1.123804	0.1030221
1236	-59.0619	-101.675	42.61308	1.030239	0.5555775	0.2161687
1242	-61.98012	-106.0339	44.05382	0.2765138	0.1946345	0.1919985
1248	-54.39645	-97.13453	42.73807	0.4445455	1.187319	0.4275522
1254	-57.45804	-99.2922	41.83416	0.9748233	1.661548	0.6086967
1260	-53.64073	-96.2633	42.62257	0.4406367	0.8725422	1.126238
1266	-53.95463	-97.26205	43.30741	0.1635515	0.8725422	0.6389756
1272	-57.36509	-98.07073	40.70565	0.4193588	6.216857	0.4982283
1278	-59.46083	-99.77221	40.31138	0.4185508	8.048318	0.5763702
1284	-51.5038	-94.71059	43.20678	0.8532711	0.4661106	0.5063939
1290	-64.45411	-106.536	42.08189	0.8409043	1.437565	0.7067407
1296	-64.88483	-108.2912	43.4064	0.08685887	0.8138387	0.7227925
1302	-61.13263	-101.6459	40.51328	0.9643043	4.769246	0.6197993
1308	-58.16719	-100.5706	42.40342	0.4627449	1.485154	0.7406856
1314	-59.29894	-101.421	42.1221	0.6675144	1.485154	0.2649615
1320	-60.97674	-103.5665	42.58972	0.6675144	0.9253031	0.8737144
1326	-56.45403	-100.3686	43.91459	0.2723517	0.3901117	0.4229452
1332	-61.69779	-103.8113	42.11353	1.224692	1.031621	0.5089527
1338	-57.78353	-100.619	42.83552	0.5411875	0.9610324	0.6384812
1344	-57.06184	-100.3227	43.26086	0.8573176	0.4330231	0.5210105
1350	-55.05867	-98.44081	43.38214	0.8009542	0.3811449	0.6437963
1356	-55.56304	-97.86632	42.30328	1.519582	0.3149809	0.1435154
1362	-59.61699	-101.4245	41.80748	0.7584665	1.910196	0.7641229
1368	-61.99714	-104.9998	43.00262	0.2207431	1.120746	0.6342228
1374	-62.29352	-102.6554	40.36188	1.417944	3.708545	0.3412989
1380	-60.84993	-103.7551	42.90514	0.3893889	0.8611464	0.9107112
1386	-63.72669	-106.7888	43.06207	0.6579118	0.5025803	0.9712102
1392	-64.48633	-105.4185	40.93215	1.010696	3.4392	0.5206143
1398	-58.24568	-99.43831	41.19263	1.211944	1.995883	0.2398581
1404	-58.95763	-101.34	42.38236	0.843949	0.9369847	0.2428376
1410	-62.37405	-106.1525	43.77845	0.1263829	0.3192232	1.129145
1416	-59.5572	-103.0306	43.47341	0.4718446	0.5352045	0.518119
1422	-63.13392	-105.7534	42.61944	0.4494373	1.013342	0.9804405
1428	-59.48978	-102.2741	42.7843	0.09815862	1.249406	0.9501761
1434	-54.58556	-98.59124	44.00568	0.1825817	0.3087693	0.8674045
1440	-54.09471	-97.11414	43.01943	0.4107743	0.9383082	0.4647689
1446	-53.64629	-97.05143	43.40514	0.02367456	0.9383082	0.546037
1452	-58.3254	-100.3717	42.04629	0.9109903	1.481398	0.5057813
1458	-57.87073	-100.2342	42.36345	0.9109903	0.8804063	0.237004
1464	-58.07674	-99.91593	41.8392	0.9966389	1.619073	0.4004361
1470	-62.48113	-106.2235	43.7424	0.6822079	0.2807731	0.5869037
1476	-54.28583	-95.73753	41.4517	0.8980101	2.45318	0.4025717
1482	-58.24836	-101.3068	43.05841	0.9957001	0.4127493	0.3063643
1488	-55.16372	-96.62833	41.4646	0.9957001	2.146487	0.3328961
1494	-55.82074	-98.84967	43.02893	0.9957001	0.4314435	0.3106033
1500	-66.04262	-105.6868	39.64419	1.612401	2.753037	0.08197499
1506	-62.72873	-104.5015	41.77277	1.612401	0.5372321	0.1391159
1512	-64.12079	-103.18	39.05919	1.428169	6.566626	0.1391159
1518	-54.27954	-96.38027	42.10073	1.428169	0.7066482	0.2605619
1524	-57.3812	-98.70987	41.32867	1.428169	1.518393	0.2603164
1530	-58.61705	-100.797	42.17998	0.04212112	1.943642	1.114786
1536	-52.23091	-94.54213	42.31122	0.5009739	1.524494	0.7775497
1542	-55.00228	-97.71793	42.71565	0.09121245	0.8251852	1.384339
1548	-62.06819	-104.8922	42.824	0.142866	0.6948182	1.384339
1554	-53.37002	-95.89762	42.5276	0.0136371	1.85233	0.8439997
1560	-58.21902	-100.4746	42.25555	0.06158978	2.32914	0.7832286
1566	-59.19482	-102.2882	43.09337	0.1010909	0.7926852	1.090072
1572	-54.51508	-97.10294	42.58786	0.4762338	1.27563	0.6840887
1578	-56.06244	-100.2872	44.22477	0.1606228	0.2062176	0.9429318
1584	-54.64865	-98.58034	43.93169	0.2180348	0.3747818	0.7289923
1590	-54.95883	-98.04685	43.08802	0.07651564	0.91254	0.9886564
1596	-57.89435	-100.3496	42.45522	0.08294004	1.655548	0.9886564
1602	-55.76906	-98.79754	43.02848	0.2551949	1.088658	0.4924468
1608	-53.71813	-96.32563	42.6075	0.667821	1.088658	0.4377064
1614	-60.11467	-102.5593	42.44463	0.4058027	1.53225	0.7106133
1620	-52.03571	-95.44656	43.41086	0.3062751	0.6899805	0.558647
1626	-52.50132	-95.83634	43.33502	0.1955097	0.8484519	0.5058966
1632	-53.98203	-94.57769	40.59566	0.5998611	5.919634	0.5169514
1638	-54.11474	-97.60974	43.495	0.1963175	0.708989	0.5635345
1644	-51.2457	-94.5609	43.3152	0.2372627	0.708989	0.8212872
1650	-54.31308	-96.33671	42.02363	0.3379958	2.464146	0.5489477
1656	-55.08543	-97.25355	42.16812	0.9938331	0.9507905	0.2212455
1662	-54.23956	-97.43017	43.19061	1.061798	0.3388663	0.3543849
1668	-49.51723	-92.64332	43.1261	1.061798	0.3963419	0.4911909
1674	-49.77585	-93.70352	43.92767	0.702596	0.2029767	0.5953783
1680	-51.13796	-93.86817	42.7302	1.466802	0.1581945	0.1327659
1686	-51.88216	-94.45029	42.56812	0.5296367	1.30078	0.5116846
1692	-53.39214	-96.60424	43.2121	1.049681	0.2200313	0.1938189
1698	-60.29725	-102.0163	41.71905	0.5518912	2.646821	0.5611006
1704	-53.78373	-96.67962	42.89589	0.7543344	0.6992708	0.3449238
1710	-59.31825	-101.3249	42.00664	1.258596	0.6895478	0.160137
1716	-58.41022	-101.3359	42.92567	1.700746	0.1705544	0.2926839
1722	-59.94256	-101.3309	41.38832	1.330196	1.303715	0.1812851
1728	-59.46605	-101.3389	41.87285	1.184544	1.097349	0.2380321
1734	-52.66161	-95.03203	42.37043	0.6532378	1.392407	0.4755306
1740	-60.60034	-101.7196	41.11922	0.4373528	4.420939	0.3573927
1746	-53.53359	-96.65453	43.12094	0.5946459	0.6598143	0.671781
1752	-52.39179	-95.56293	43.17113	0.5580713	0.6598143	0.6433446
1758	-53.24347	-96.74446	43.50099	0.2297024	0.6598143	0.6399716
1764	-52.42926	-94.9821	42.55284	0.08965763	1.761228	0.7879553
1770	-55.12011	-96.45333	41.33323	0.2948101	4.34942	0.473727
1776	-56.88666	-99.40216	42.5155	0.9069233	0.922807	0.6247154
1782	-61.0962	-103.3536	42.2574	1.453664	0.5664882	0.2533681
1788	-55.18636	-96.72244	41.53608	1.453664	0.5647971	0.08830867
1794	-58.79728	-99.61136	40.81408	1.919112	0.7527454	0.08830867
1800	-56.43736	-99.95315	43.51578	0.6082252	0.319333	0.913435
1806	-55.53916	-99.16511	43.62595	0.09350933	0.6921319	0.4756052
1812	-62.81735	-105.7636	42.94628	0.2330674	0.6187081	1.297653
1818	-54.11983	-97.73927	43.61944	0.173406	0.623822	0.6091556
1824	-55.49928	-99.64	44.14072	0.3831921	0.2399582	0.6020688
1830	-54.33811	-96.69005	42.35194	0.8493524	1.177677	0.47348
1836	-54.39758	-96.16563	41.76805	0.2326699	2.443376	1.066781
1842	-58.56783	-100.4669	41.89909	0.03224302	2.443376	1.130466
1848	-56.79078	-99.31909	42.52831	0.6710314	1.17715	0.5452907
1854	-56.3398	-99.63616	43.29636	1.078853	0.3057557	0.5452907
1860	-60.14243	-102.8906	42.74814	0.06862569	1.644785	0.6184995
1866	-54.42821	-98.31419	43.88598	0.1617068	0.4268441	0.7317844
1872	-63.5437	-105.5849	42.04123	0.7392606	1.342949	0.976267
1878	-60.44466	-102.6112	42.16658	0.4789578	1.950704	0.5069816
1884	-56.49146	-98.90684	42.41539	0.4520923	1.206022	1.003584
1890	-55.56995	-97.77544	42.20549	0.5920617	1.705359	0.4641591
1896	-57.94168	-101.0664	43.12476	0.3032146	0.6786411	0.201933
1902	-57.84621	-100.1637	42.3175	0.9254422	1.12986	0.4638848
1908	-54.64751	-96.70942	42.06191	1.138076	1.12986	0.363681
1914	-57.04456	-99.07948	42.03492	0.5828468	1.900349	0.3481148
1920	-66.01048	-106.1135	40.10299	1.162155	4.498887	1.011057
1926	-62.60815	-105.5936	42.98543	0.2541686	0.8248383	1.011057
1932	-55.64494	-99.51493	43.87	0.002444783	0.533779	0.7205717
1938	-57.86322	-101.966	44.10278	0.1106416	0.3568653	0.6826051
1944	-56.17973	-100.0772	43.89751	0.1738301	0.3471288	0.9047157
1950	-59.74098	-101.9018	42.16082	0.3970542	1.942798	0.7469275
1956	-61.06472	-103.4057	42.34093	0.1079356	2.182964	0.7006526
1962	-57.53238	-98.91606	41.38368	0.9336283	2.538214	0.5829941
1968	-63.42484	-105.532	42.10715	1.076836	1.133951	0.6900883
1974	-61.41462	-104.9248	43.51023	0.1659061	0.5914747	0.8677098
1980	-57.61776	-100.9206	43.30286	0.7396217	0.4103021	0.2941558
1986	-56.67617	-100.6313	43.95512	0.08143069	0.443536	0.6998655
1992	-65.19152	-107.5842	42.39268	0.1533667	1.597079	1.02095
1998	-62.17406	-105.0481	42.87402	0.5653719	0.9276291	0.5498343
2004	-57.4023	-100.0905	42.68815	0.06705356	1.761803	0.5659476
2010	-60.56517	-104.0916	43.52645	0.777819	0.3363575	0.5594377
2016	-57.67051	-100.5531	42.88256	0.777819	0.6883438	0.340399
2022	-55.23139	-98.57451	43.34312	0.4615387	0.6301344	0.491589
2028	-53.71644	-95.82122	42.10478	0.713785	1.267591	0.2031629
2034	-57.03157	-100.2066	43.17505	1.239341	0.1857613	0.2111459
2040	-59.90479	-103.0272	43.1224	0.5206445	0.7525668	0.5197579
2046	-61.23225	-103.9302	42.69799	0.2100723	1.513879	0.6213337
2052	-59.59416	-103.7725	44.17831	0.3779409	0.2278851	0.6036075
2058	-53.48674	-95.97252	42.48578	0.5593507	1.333024	0.393127
2064	-48.38758	-92.94307	44.5555	0.1638235	0.1759162	0.5763495
2070	-56.41846	-99.07756	42.6591	0.257886	1.457824	0.3485299
2076	-58.50521	-102.1969	43.6917	0.3188158	0.4940391	0.5331914
2082	-58.42767	-100.5107	42.08302	0.8399892	1.322782	0.8349106
2088	-57.55775	-99.65687	42.09912	0.5928648	1.840119	0.6105207
2094	-59.05803	-100.1375	41.07943	0.5928648	3.39577	0.9809525
2100	-51.35857	-93.4069	42.04834	0.422902	1.33839	1.260473
2106	-50.60501	-92.44283	41.83782	1.038688	1.524222	0.3588048
2112	-59.35149	-103.7014	44.34992	0.05458339	0.1955694	0.9562683
2118	-56.25218	-100.0436	43.79138	0.133339	0.3959439	0.9562683
2124	-59.50276	-101.4338	41.93103	0.1926409	1.826385	1.262099
2130	-57.47657	-99.65579	42.17922	0.1137647	1.572641	1.262099
2136	-55.47964	-97.45647	41.97683	0.8092895	1.662658	0.3676359
2142	-50.18292	-92.34447	42.16155	0.65658	1.653969	0.4141511
2148	-51.66756	-93.42793	41.76037	0.1470802	3.515257	0.4411163
2154	-57.86675	-101.7839	43.91712	0.3538956	0.3480719	0.5908558
2160	-51.85349	-96.3524	44.4989	0.366174	0.134066	0.4350113
2166	-52.57627	-95.21311	42.63684	0.05479819	1.854363	0.5842745
2172	-52.03722	-95.25068	43.21346	0.3512236	0.7990893	0.614901
2178	-59.35817	-102.8173	43.45911	0.2708084	0.5407988	0.8943286
2184	-56.74897	-99.82954	43.08057	0.419081	0.4525814	1.250419
2190	-49.14045	-92.89716	43.75672	0.4245924	0.3963274	0.5604613
2196	-52.14974	-95.21032	43.06058	1.413025	0.1683525	0.212404
2202	-61.36125	-101.3619	40.00068	2.160058	1.62358	0.1157147
2208	-58.00724	-100.634	42.62679	1.483216	0.3375587	0.2474901
2214	-58.23584	-101.2404	43.00454	1.297085	0.340442	0.4860259
2220	-57.77335	-100.2769	42.50352	1.35741	0.3851208	0.1895395
2226	-57.77825	-99.73676	41.95851	0.7972488	1.578741	0.2856172
2232	-53.86068	-97.55154	43.69085	0.4085168	0.4381802	0.4316639
2238	-59.70169	-102.1592	42.4575	0.04078182	2.167239	0.6153616
2244	-57.80538	-102.1917	44.38633	0.106473	0.2463635	0.6384047
2250	-62.76632	-105.7862	43.01983	0.2190067	0.594354	1.277739
2256	-61.10986	-103.4209	42.311	0.4669669	0.9944272	1.261252
2262	-54.27433	-95.77911	41.50478	0.6766857	2.836156	0.4329596
2268	-51.14909	-94.58624	43.43715	0.5921311	0.4782996	0.4329596
2274	-52.94197	-96.56613	43.62416	0.3656353	0.3907966	0.8964445
2280	-60.68183	-102.2938	41.61195	1.224759	1.649731	0.5225476
2286	-55.16267	-99.06247	43.89981	0.1781976	0.4473424	0.4178804
2292	-55.92926	-98.4323	42.50303	0.5221204	1.311495	0.3416478
2298	-54.40114	-97.70416	43.30302	0.4017397	0.7022116	0.4636926
2304	-53.39044	-96.77351	43.38307	0.5803675	0.5181421	0.5727739
2310	-51.98687	-95.14665	43.15978	0.2622469	0.9439359	0.5511146
2316	-57.41165	-99.789	42.37735	0.3511571	1.770632	0.6302564
2322	-61.17236	-104.6484	43.47608	0.447318	0.5314961	0.6287291
2328	-58.6895	-100.545	41.85547	0.3894106	2.697796	0.4352037
2334	-58.44608	-100.2199	41.77385	0.7774519	2.050042	0.6465438
2340	-54.41177	-98.52388	44.11211	0.1774281	0.3437777	0.4500502
2346	-50.79117	-93.46938	42.67821	0.01323197	1.28421	1.107942
2352	-50.42381	-93.86903	43.44522	0.4074489	0.5042959	0.8170124
2358	-50.43808	-93.23944	42.80136	0.1429017	1.42651	0.6834762
2364	-54.96057	-97.00905	42.04848	0.01614508	2.384887	1.034012
2370	-49.81042	-92.73494	42.92452	0.2468492	1.184042	0.6222467
2376	-52.86963	-95.44919	42.57956	0.6277888	1.107632	0.3476039
2382	-54.02865	-96.67363	42.64498	0.2009837	1.376719	0.8759495
2388	-51.41006	-94.13401	42.72394	0.2259615	1.376719	0.7389128
2394	-47.65702	-91.14523	43.48821	0.01658008	0.8566999	0.4145353
2400	-48.09137	-90.95614	42.86477	0.004783465	1.60352	0.4981002
2406	-54.09869	-96.56938	42.4707	0.01088584	2.236803	0.5322476
2412	-61.50193	-104.1108	42.60884	0.9616868	0.7935921	0.3990702
2418	-59.19216	-99.89047	40.69831	0.9616868	4.179977	0.3990702
2424	-56.9506	-98.01481	41.0642	0.5989711	4.177758	0.4040775
2430	-53.4265	-96.81424	43.38774	0.3483302	0.6768522	0.5507371
2436	-52.80618	-94.22493	41.41876	1.298427	1.626494	0.282162
2442	-60.97632	-102.612	41.63573	0.289777	3.269217	0.734134
2448	-56.055	-99.95245	43.89745	0.4168567	0.3095667	0.6865716
2454	-57.34983	-99.20262	41.85279	0.5359886	2.417886	0.5164648
2460	-49.02044	-93.44262	44.42218	0.1553314	0.1972704	0.7369208
2466	-45.20554	-89.41724	44.2117	0.3082908	0.2270526	0.6891779
2472	-55.18861	-98.51817	43.32955	0.1706173	0.8750957	0.5184252
2478	-50.99419	-93.80515	42.81095	0.6554784	0.8509296	0.6962047
2484	-46.78007	-90.0274	43.24733	1.005797	0.3352589	0.3461134
2490	-51.71722	-94.22789	42.51067	0.6254729	1.229702	0.4036033
2496	-51.96692	-94.71732	42.7504	0.633987	0.9852677	0.4941599
2502	-57.55889	-99.73147	42.17258	0.200265	2.439819	0.4497159
2508	-59.66989	-102.2868	42.61696	0.1136062	1.670982	0.7472583
2514	-50.90615	-93.7561	42.84995	0.3238665	1.204951	0.5518608
2520	-51.18638	-94.09949	42.9131	0.5956139	0.8272435	0.6675211
2526	-51.13882	-93.69004	42.55122	0.8037016	0.9999278	0.4188726
2532	-53.81881	-96.21062	42.39181	0.6005546	1.229034	0.264523
2538	-54.61279	-96.92763	42.31485	0.4499936	1.535477	0.8297304
2544	-60.07328	-103.257	43.1837	0.02112624	1.136126	0.3788687
2550	-59.42282	-100.5653	41.14246	0.01508572	6.045238	0.5665923
2556	-55.99278	-100.2165	44.22376	0.03431132	0.293645	0.825036
2562	-56.68423	-97.75608	41.07185	1.051402	2.955397	0.5947526
2568	-52.52446	-93.94159	41.41713	0.5999141	3.122162	0.3555532
2574	-55.88644	-97.98808	42.10165	0.8565277	1.411399	0.3555532
2580	-54.92436	-97.73696	42.8126	0.17343	1.388074	0.6597455
2586	-49.27555	-92.27654	43.00099	0.3212962	0.9129865	0.8097067
2592	-58.75432	-100.7919	42.03759	0.4982492	1.214162	1.292309
2598	-60.17781	-102.8121	42.6343	0.8441266	0.8858438	0.4307293
2604	-64.3797	-105.1071	40.72744	0.6358774	4.412347	0.9375951
2610	-64.71372	-102.7595	38.04583	1.942636	4.91689	0.04633283
2616	-66.46279	-105.9718	39.50901	1.814863	3.967618	0.167108
2622	-59.65249	-102.7574	43.1049	0.7624907	0.4399414	0.9296278
2628	-52.37483	-95.71651	43.34168	0.7624907	0.4399414	0.5346971
2634	-59.02259	-100.6738	41.65117	1.127686	1.736001	0.4762502
2640	-57.73896	-101.1007	43.3617	0.9561155	0.2883052	0.3066492
2646	-57.58834	-101.7248	44.13647	0.7367985	0.1340553	0.5238922
2652	-51.68153	-94.06929	42.38776	0.5871031	1.418576	0.6322832
2658	-57.50429	-100.9381	43.4338	1.197967	0.199807	0.3981226
2664	-53.32923	-95.806	42.47678	0.3313106	1.419802	0.8811404
2670	-55.35068	-97.76741	42.41673	0.1792958	1.680624	0.9095469
2676	-53.12913	-95.18762	42.05849	0.5952396	1.680624	0.2660338
2682	-56.05165	-99.4113	43.35965	1.055847	0.2897359	0.476913
2688	-62.21681	-104.3792	42.16243	1.055847	1.155901	0.4573939
2694	-65.21974	-107.9147	42.69499	0.5115069	0.9689507	0.249298
2700	-51.00448	-94.83865	43.83417	0.533015	0.2555841	0.283741
2706	-57.04369	-99.59208	42.54838	1.487646	0.4609093	0.3820283
2712	-54.54207	-99.16057	44.6185	0.321237	0.1109169	0.3974473
2718	-58.62787	-102.2489	43.62099	0.09548945	0.6374383	0.3275111
2724	-55.76471	-98.57753	42.81282	0.8386883	0.588563	0.2404114
2730	-51.31348	-93.70264	42.38917	0.05981693	2.24751	0.6299168
2736	-56.15351	-97.28543	41.13192	0.06176958	4.93125	0.9541816
2742	-54.90557	-97.05244	42.14687	0.06754366	2.76681	0.566239
2748	-58.25107	-99.84418	41.59311	1.261918	1.524751	0.7120083
2754	-53.31971	-97.05685	43.73714	0.6963046	0.2823219	0.4783556
2760	-54.64657	-97.02939	42.38282	0.5544578	1.505676	0.5337511
2766	-51.79569	-94.80495	43.00926	0.9709197	0.5133609	0.4820162
2772	-48.65232	-91.68011	43.02779	0.2378667	1.084916	0.6113644
2778	-51.2611	-93.38348	42.12238	1.394372	0.7704595	0.3043288
2784	-56.27831	-99.13728	42.85897	0.8393209	0.6384386	0.3125828
2790	-53.18324	-96.59588	43.41264	0.7892544	0.333987	0.297593
2796	-48.91582	-92.94563	44.02981	0.2316552	0.333987	0.6837172
2802	-48.05544	-91.72785	43.67241	0.4317103	0.4223896	0.3799025
2808	-51.9353	-93.49291	41.55761	0.3742866	3.421886	0.410165
2814	-54.32152	-95.80737	41.48585	0.5550516	3.1806	0.5479143
2820	-54.26006	-98.07751	43.81745	0.2267978	0.4377352	0.7046671
2826	-53.13774	-96.04663	42.90889	0.1972497	1.094945	0.8529005
2832	-55.71238	-97.38609	41.67371	0.949799	1.987826	0.5063888
2838	-61.17985	-102.4026	41.22277	0.005962592	5.286988	0.7987018
2844	-64.35436	-106.9657	42.61133	0.04492605	1.797062	0.7342855
2850	-56.15056	-98.15215	42.00159	0.08325988	2.983479	0.6599465
2856	-59.22588	-100.4305	41.20463	0.9052531	2.983479	0.4126478
2862	-54.23735	-96.80826	42.57091	0.2615108	1.343395	0.9209737
2868	-58.76139	-102.202	43.44066	0.2474312	0.569082	0.8924674
2874	-57.51528	-99.60904	42.09376	0.1993427	1.023551	1.611864
2880	-48.72246	-92.3123	43.58984	0.113481	0.7054574	0.5015462
2886	-49.58977	-92.36136	42.77159	0.1343407	1.32284	0.8557679
2892	-52.05872	-95.38825	43.32953	0.3897086	0.6929343	0.4859334
2898	-49.75055	-92.77536	43.02481	0.632951	0.6929343	0.3441019
2904	-51.47747	-94.29122	42.81375	0.5450486	1.003902	0.4433714
2910	-55.33428	-97.0982	41.76391	0.6308662	2.379857	0.4213462
2916	-60.54392	-103.3311	42.78719	0.398197	1.171966	0.4014577
2922	-57.23018	-98.38705	41.15687	1.439449	1.77214	0.2676641
2928	-61.99284	-102.9933	41.00043	1.439449	2.028025	0.2676641
2934	-63.83743	-106.0089	42.17142	1.439449	0.6544901	0.2676641
2940	-59.99555	-102.1815	42.18598	1.159433	0.8261227	0.2415316
2946	-60.00447	-101.4009	41.39645	1.153369	1.892008	0.2855073
2952	-61.15117	-104.9103	43.75909	0.7376054	0.2173306	0.7697814
2958	-60.91624	-102.7725	41.85623	0.5925939	2.103556	0.7697814
2964	-58.302	-102.0651	43.76309	0.6549929	0.2824001	0.5952956
2970	-62.66993	-105.257	42.58704	0.5840286	1.017291	0.8644174
2976	-61.95255	-104.3809	42.42833	0.7257106	0.9174042	0.9939991
2982	-52.71035	-94.80547	42.09512	0.5044178	1.708293	0.2472222
2988	-54.30549	-97.24125	42.93576	0.5824672	0.8514772	0.5699599
2994	-65.19431	-105.3389	40.14462	0.6275489	7.599465	0.6851211
3000	-53.6183	-97.8007	44.18241	0.1613244	0.3181206	0.4421542
3006	-53.19838	-94.90784	41.70946	0.5093537	2.773363	0.4815467
3012	-56.34394	-97.99234	41.6484	1.430433	1.324338	0.4961946
3018	-50.74512	-94.20512	43.46	0.7824731	0.3543813	0.6327298
3024	-54.42408	-98.7512	44.32712	0.07565272	0.2955688	0.4970501
3030	-53.57893	-97.63595	44.05703	0.3050373	0.2626583	0.7879322
3036	-58.4798	-101.3515	42.87172	0.2533717	1.267444	0.5164
3042	-56.46535	-100.0441	43.57877	0.2334089	0.6244875	0.5170975
3048	-62.26196	-104.5998	42.33782	1.269666	0.7806412	0.4681249
3054	-60.53946	-103.578	43.03851	1.269666	0.3217259	0.3794998
3060	-55.71145	-97.45346	41.74201	0.7434082	2.07014	0.3163798
3066	-56.32133	-98.78925	42.46793	1.203494	0.6021326	0.2603244
3072	-60.20237	-101.5619	41.35954	1.141361	1.806352	0.2312017
3078	-57.19836	-101.0852	43.88682	0.4030237	0.3010822	0.3083618
3084	-52.55369	-96.19017	43.63648	0.2894715	0.5449323	0.4530309
3090	-50.76207	-92.46077	41.6987	1.052156	1.641045	0.3143696
3096	-53.16956	-95.63343	42.46387	0.8357247	1.020241	0.3581547
3102	-52.21117	-94.32823	42.11707	0.6487464	1.709639	0.636421
3108	-51.34275	-93.73402	42.39127	0.1771236	2.028287	0.6363013
3114	-51.62636	-95.24572	43.61936	0.3369026	0.5021143	0.6612375
3120	-47.73512	-90.75784	43.02272	0.230495	1.00304	0.7773099
3126	-52.98119	-94.67629	41.6951	0.9672428	1.54897	0.9368334
3132	-53.7618	-95.29635	41.53455	0.336804	3.49573	0.6770223
3138	-51.01294	-94.48878	43.47584	0.206647	0.7030909	0.6174445
3144	-55.23687	-97.41819	42.18132	0.1897685	1.789735	1.065236
3150	-55.66729	-98.37465	42.70736	0.884214	0.6505143	0.2541703
3156	-55.10165	-98.34296	43.24131	0.5969985	0.5249326	0.2905761
3162	-50.27388	-93.26276	42.98889	0.6487323	0.7479356	0.5812017
3168	-49.5703	-92.75509	43.18479	0.1998353	0.6936394	1.026882
3174	-58.11515	-100.2577	42.14257	0.5641115	1.850241	0.5126108
3180	-58.70571	-102.571	43.86534	0.1267109	0.2835152	1.125363
3186	-59.98414	-102.0885	42.10434	0.4027799	2.007978	0.7648703
3192	-54.67436	-96.41733	41.74297	0.9661983	1.676028	0.3000909
3198	-54.43797	-95.4412	41.00323	1.141186	2.439883	0.2311553
3204	-55.2715	-96.92843	41.65693	1.141186	1.383374	0.2311553
3210	-55.91096	-97.61986	41.7089	1.128301	1.235821	0.2004003
3216	-54.84458	-97.89361	43.04903	0.698282	0.6719103	0.5098419
3222	-58.56939	-99.72024	41.15085	1.274867	2.024827	0.2587601
3228	-56.92214	-98.65729	41.73515	1.20025	1.240933	0.2406575
3234	-52.92734	-96.78331	43.85597	0.3008686	0.4027387	0.4090499
3240	-58.06967	-99.92062	41.85095	0.271598	2.936478	0.6198502
3246	-54.01658	-98.58149	44.5649	0.02888644	0.2124919	0.6198502
3252	-51.70986	-94.80457	43.09471	0.2961883	0.9477255	0.6375311
3258	-50.54174	-93.24784	42.7061	0.5756228	1.062661	0.6245445
3264	-56.99054	-100.5117	43.52119	0.4596986	0.4536212	0.759772
3270	-57.61454	-101.3439	43.72932	0.862435	0.2204925	0.4563676
3276	-69.45282	-110.5374	41.08454	1.585383	0.8577053	1.461405
3282	-64.91867	-109.0785	44.15987	0.1365748	0.3180292	0.3522634
3288	-62.44932	-104.6	42.15065	0.7807029	1.158894	0.9810631
3294	-55.1362	-97.29692	42.16072	0.6563637	1.67421	0.4565326
3300	-57.5648	-100.5514	42.98658	0.6782463	0.4484533	1.113528
3306	-61.90365	-104.3554	42.45179	0.5814824	1.381303	0.4879226
3312	-56.36366	-98.50073	42.13706	0.8997586	1.034104	0.2058564
3318	-56.03617	-99.78052	43.74434	0.182572	0.2392701	1.277717
3324	-57.67037	-101.3279	43.65755	0.2120721	0.5847307	0.5178756
3330	-57.03025	-100.5204	43.49017	0.2974085	0.6212304	0.6321561
3336	-51.6621	-95.03351	43.37141	0.3144577	0.6437876	0.7579834
3342	-52.26088	-96.50472	44.24384	0.2022867	0.2535701	0.6942699
3348	-50.8082	-94.9031	44.0949	0.6258063	0.1238139	0.2503591
3354	-51.91666	-94.43569	42.51903	0.6444422	1.222288	0.5143015
3360	-52.33076	-94.30626	41.9755	0.4109018	2.408014	0.4397675
3366	-50.37079	-92.31131	41.94052	0.2478095	2.580066	0.788125
3372	-54.76019	-98.72162	43.96142	0.5213382	0.2437741	0.3589297
3378	-53.6717	-97.85292	44.18122	0.2968542	0.2437741	0.6828491
3384	-58.25209	-101.557	43.30491	0.1406865	0.8868381	0.6599233
3390	-59.14044	-102.7849	43.64446	0.222146	0.5590175	0.6599233
3396	-60.05832	-103.8788	43.82043	0.1387776	0.4223842	0.862088
3402	-61.834	-104.4268	42.59282	0.7946853	0.8921373	0.3128049
3408	-51.45641	-95.02281	43.56641	0.1604549	0.5472686	0.8863181
3414	-50.24554	-93.73318	43.48763	0.06766516	0.5472104	1.063061
3420	-56.50959	-98.59572	42.08613	0.5414127	1.374752	1.099647
3426	-57.33264	-97.23804	39.90539	1.40243	2.566561	0.07852956
3432	-52.71221	-94.87891	42.16669	1.40243	0.644665	0.2393205
3438	-53.37319	-95.71401	42.34082	0.9606413	0.9097865	0.2668577
3444	-46.90937	-89.68193	42.77256	0.8441625	0.7335995	0.3572024
3450	-48.50148	-93.17298	44.67149	0.09179557	0.1656872	0.4947568
3456	-54.42354	-98.67296	44.24941	0.05801728	0.3368686	0.5345598
3462	-60.21548	-103.5453	43.3298	0.6574228	0.5092867	0.5112912
3468	-65.53577	-107.6847	42.14897	0.9854829	1.216713	0.6424502
3474	-59.34441	-103.0591	43.71473	0.7574154	0.2650795	0.5509494
3480	-61.91111	-105.1025	43.19144	1.330766	0.2328964	0.3727893
3486	-48.45059	-92.13336	43.68276	0.2985552	0.5036385	0.5929807
3492	-51.75822	-94.23965	42.48144	0.2874801	1.69886	0.378089
3498	-47.42229	-90.50571	43.08342	0.966344	0.4101665	0.2992818
3504	-54.72378	-97.94516	43.22138	0.8535097	0.4455344	0.6110228
3510	-52.5381	-94.26486	41.72676	0.8535097	1.865569	0.2953163
3516	-49.80444	-91.59915	41.79471	1.237896	0.8226804	0.1450852
3522	-50.49591	-93.20815	42.71223	0.8451145	0.8226804	0.4640639
3528	-51.18694	-94.34255	43.15562	0.8451145	0.4349851	0.2971083
3534	-52.04258	-95.57507	43.53249	0.279111	0.518219	0.8402159
3540	-54.81676	-97.49733	42.68056	0.2795064	1.11254	0.9946355
3546	-54.80108	-98.49579	43.69471	0.2795064	0.3885685	0.9186557
3552	-57.49189	-100.9407	43.44884	0.3661274	0.4508752	0.9644146
3558	-56.51939	-100.1204	43.60098	0.5007052	0.3325953	0.9057009
3564	-59.74142	-103.0403	43.29884	0.2695616	0.5312467	1.074273
3570	-56.77986	-98.2376	41.45774	1.275397	1.51461	0.2467198
3576	-55.54166	-97.47607	41.93441	1.275397	1.028653	0.2854263
3582	-53.29442	-97.55499	44.26056	0.2933461	0.233734	0.4507758
3588	-59.05986	-102.3381	43.27823	0.8744256	0.414368	0.4783858
3594	-57.19976	-99.47665	42.27689	0.8744256	1.212728	0.4048426
3600	-58.15468	-99.9261	41.77142	0.9343761	1.627017	0.2752214
3606	-56.95594	-97.83053	40.87459	1.18763	2.446369	0.201178
3612	-66.52759	-108.944	42.41645	1.678961	0.3691519	0.2757391
3618	-61.30648	-100.7277	39.42119	1.678961	3.982645	0.1229359
3624	-54.05376	-97.93744	43.88368	0.2475528	0.4245134	0.5426896
3630	-53.39336	-96.61616	43.2228	0.7284501	0.5296433	0.5426896
3636	-59.30901	-102.7446	43.43558	1.208627	0.1973384	0.6040793
3642	-61.06146	-101.8247	40.76329	1.208627	3.363033	0.4779591
3648	-55.25615	-98.25109	42.99494	0.2278869	0.7441718	1.118059
3654	-58.03554	-101.2639	43.22833	0.6216512	0.5626212	0.3538255
3660	-53.71454	-96.65975	42.94521	0.06351757	0.888369	1.1592
3666	-51.24307	-94.80022	43.55715	0.443089	0.2647783	1.1592
3672	-62.37301	-104.9573	42.58429	0.3195338	1.543969	0.4398627
3678	-61.20578	-103.4816	42.27586	0.03629744	2.558362	0.4400671
3684	-55.55001	-98.13839	42.58838	0.3295791	1.490287	0.6392518
3690	-55.26374	-98.20647	42.94273	0.5742591	0.8015286	0.7073166
3696	-54.55022	-96.46358	41.91336	0.5048647	1.987242	0.8926481
3702	-47.92841	-91.85551	43.9271	0.2212275	0.3382301	0.8365857
3708	-54.5851	-97.38834	42.80323	0.4845574	0.7854459	1.009166
3714	-52.91907	-95.78661	42.86755	0.1588652	0.9956999	1.039903
3720	-55.0938	-97.82403	42.73023	0.3980245	0.9956999	0.9367529
3726	-56.20425	-98.59434	42.39009	0.5401188	1.248009	0.8994753
3732	-54.91109	-98.63953	43.72844	0.3401606	0.2912365	1.036909
3738	-52.58929	-95.66952	43.08023	0.1317813	1.056138	0.7619658
3744	-49.83046	-94.37592	44.54546	0.1118419	0.1954698	0.580139
3750	-50.04076	-93.00416	42.9634	0.9751437	0.3664583	0.2024561
3756	-52.09427	-94.77134	42.67707	0.5867614	1.106103	0.5441973
3762	-55.98319	-99.26364	43.28046	0.08538575	0.9674445	0.6480805
3768	-51.90829	-94.71738	42.80909	0.08544727	0.9674445	1.185823
3774	-50.68375	-93.64755	42.96381	0.3954009	0.9674445	0.3668054
3780	-55.95238	-97.22399	41.27161	0.3779243	4.256584	0.4346141
3786	-52.9894	-95.62953	42.64013	0.6069785	1.121724	0.5568661
3792	-51.94139	-95.61893	43.67753	0.2065948	0.5744068	0.4730893
3798	-54.96304	-98.6412	43.67816	0.9259803	0.0980049	0.171285
3804	-56.70868	-98.03661	41.32793	0.7519318	2.599053	0.2369812
3810	-64.12786	-106.7708	42.64292	0.1415545	1.153732	1.125481
3816	-64.15291	-107.6057	43.45279	0.8990804	0.3034422	0.3830359
3822	-56.9302	-100.0503	43.12011	0.6734097	0.6372733	0.5258731
3828	-56.73008	-99.1767	42.44662	0.949041	0.9734667	0.5199707
3834	-60.4686	-102.7984	42.32979	0.6570093	1.40456	0.6295116
3840	-60.87304	-103.6313	42.75822	0.02332695	0.9343545	1.308853
3846	-63.95297	-107.492	43.53905	0.06813199	0.4870395	1.105146
3852	-54.15771	-98.06421	43.9065	0.3090127	0.3156263	0.8145748
3858	-55.02935	-99.4886	44.45925	0.1980939	0.198005	0.4570134
3864	-51.79685	-94.50229	42.70544	0.7143773	0.9352149	0.4152255
3870	-50.83073	-91.93333	41.1026	0.5906474	3.820178	0.2994623
3876	-50.16168	-92.90226	42.74059	0.5256349	1.02434	0.3263911
3882	-47.35581	-91.01377	43.65797	0.01241177	0.7166793	0.6024758
3888	-51.40881	-94.98813	43.57932	0.1933564	0.4956129	0.9277281
3894	-53.50903	-96.98409	43.47506	0.06231067	0.8227467	0.6140126
3900	-51.16961	-94.39116	43.22155	0.3383896	0.8227467	0.4953284
3906	-53.06654	-95.9009	42.83436	0.4238538	1.116015	0.5087776
3912	-55.54254	-98.20297	42.66044	0.1506727	1.119386	1.12957
3918	-53.86279	-98.18466	44.32188	0.03266996	0.2691017	0.7758793
3924	-50.46511	-94.74616	44.28105	0.0297649	0.288602	0.7703909
3930	-57.90927	-99.25767	41.3484	1.341382	1.774998	0.3408124
3936	-59.369	-103.302	43.93304	0.03202661	0.4954582	0.3643529
3942	-49.17042	-91.44208	42.27166	0.8852159	1.094296	0.2921531
3948	-52.87985	-94.4595	41.57965	0.1043052	4.177655	0.5143849
3954	-51.14356	-95.58299	44.43943	0.7432974	0.06213158	0.5143849
3960	-49.87636	-91.54373	41.66736	0.4862567	2.888312	0.5907531
3966	-48.12138	-92.838	44.71662	0.06548322	0.1555076	0.5937645
3972	-54.18763	-98.1421	43.95447	0.01565058	0.3379296	1.03001
3978	-50.89549	-93.68249	42.78701	0.1465713	1.422095	0.7084476
3984	-56.46794	-100.1345	43.66654	0.0104252	0.7205337	0.4431212
3990	-54.41074	-97.96916	43.55842	1.230157	0.1555894	0.5696923
3996	-47.42484	-89.8024	42.37756	1.167793	0.5489398	0.1807235
4002	-46.20546	-89.76987	43.56441	0.1815568	0.4377437	1.056113
4008	-48.46053	-92.19563	43.7351	0.5883806	0.3192897	0.3965888
4014	-52.32572	-95.54221	43.21649	0.4267032	0.6713059	0.7655619
4020	-52.95743	-96.65025	43.69281	0.04614855	0.6713059	0.4346951
4026	-54.04218	-96.13666	42.09448	0.4705274	2.083275	0.4601402
4032	-52.54268	-95.30862	42.76594	0.3308926	1.292709	0.4400317
4038	-59.59941	-102.2432	42.64379	0.5817769	1.017023	0.7961925
4044	-57.37817	-100.7431	43.36493	0.392645	0.5384008	0.8666751
4050	-55.57161	-99.16908	43.59747	0.272954	0.5384008	0.7118565
4056	-61.49989	-103.4167	41.91685	0.3940016	2.174422	0.8936617
4062	-56.21429	-99.85088	43.63659	0.2969345	0.3630791	1.013987
4068	-57.67005	-100.8084	43.13839	0.3915313	0.7540007	0.7755167
4074	-61.23673	-102.3137	41.07697	1.050522	2.932505	0.4031394
4080	-65.78248	-109.4642	43.68172	0.848138	0.206334	0.7677912
4086	-63.69621	-104.845	41.14879	0.5654892	3.774158	0.7677912
4092	-60.00882	-97.82186	37.81304	1.705957	11.2134	0.1144714
4098	-60.79044	-98.49834	37.70791	1.811093	11.2134	0.1144714
4104	-56.20586	-97.92713	41.72127	0.3425272	2.881449	0.3024799
4110	-57.38619	-98.68213	41.29595	0.8582328	2.881449	0.4129849
4116	-60.91945	-103.4173	42.49781	0.9904071	0.7951556	0.3051782
4122	-59.08114	-100.9509	41.86977	1.182192	1.014082	0.2042835
4128	-63.10854	-106.138	43.02944	1.170712	0.3482232	0.3208887
4134	-56.71591	-99.54867	42.83276	0.4072803	0.7478916	1.098168
4140	-53.18587	-96.29827	43.11241	0.3818143	0.7478916	0.8327358
4146	-49.94226	-93.46167	43.51941	0.05790308	0.7478916	0.7149047
4152	-50.05925	-93.15998	43.10073	0.3580123	0.7478916	0.8755367
4158	-51.59603	-95.48431	43.88827	0.1834608	0.4592432	0.5139883
4164	-58.1479	-101.7291	43.58118	0.1827162	0.6565517	0.4547145
4170	-59.65886	-103.5811	43.92221	0.05899673	0.3430295	1.008384
4176	-59.48952	-102.1395	42.65002	0.01286507	1.453525	1.008384
4182	-57.72111	-102.466	44.74492	0.004946323	0.1600823	0.6380152
4188	-57.61239	-99.92355	42.31116	0.3654232	1.789469	0.7090921
4194	-62.84142	-107.4872	44.64576	0.01147949	0.1703044	0.7444745
4200	-61.57201	-103.29	41.71799	1.199269	1.527741	0.4466177
4206	-59.96143	-101.0582	41.0968	0.1640382	5.174869	0.7962873
4212	-58.01601	-101.5054	43.48943	0.5701498	0.4441874	0.6534707
4218	-59.35156	-102.2817	42.93013	0.4517792	0.9215541	0.7087186
4224	-70.8534	-110.5505	39.69711	1.523529	4.847258	0.220716
4230	-57.6135	-101.0408	43.42733	1.195337	0.1998765	0.3823257
4236	-57.01057	-99.97662	42.96605	1.195337	0.408113	0.5464332
4242	-49.72999	-91.42709	41.6971	1.448272	1.04706	0.2578044
4248	-58.09648	-100.5228	42.42628	1.448272	0.4754256	0.2624067
4254	-57.23924	-99.2784	42.03917	1.453894	0.4754256	0.1403799
4260	-58.50537	-101.7286	43.22322	0.7641146	0.4754256	0.6878488
4266	-56.37875	-98.93012	42.55137	0.7815145	0.9372318	0.7596585
4272	-60.95508	-103.7098	42.75469	0.5329562	0.5869342	1.246357
4278	-59.04813	-102.7081	43.66	0.2733552	0.4355045	0.8641462
4284	-61.18428	-105.0783	43.89398	0.1242553	0.4845124	0.5755385
4290	-57.86884	-100.8662	42.99733	0.07301011	0.9104154	1.082004
4296	-56.15803	-96.98733	40.8293	1.138172	3.377047	0.503722
4302	-57.14557	-98.22595	41.08038	0.8826029	3.377047	0.5490253
4308	-56.43307	-99.64154	43.20847	0.4500627	0.7254029	0.6046279
4314	-51.40356	-95.24537	43.84181	0.4500627	0.2636428	0.8731007
4320	-57.95103	-100.3383	42.38726	1.271775	0.5818463	0.239298
4326	-56.90595	-99.13227	42.22633	0.1167982	1.947711	0.9974447
4332	-52.37894	-95.89041	43.51146	0.5060573	0.358795	0.9368565
4338	-56.95289	-98.76794	41.81505	0.5060573	2.55418	0.5212646
4344	-55.05743	-98.59223	43.5348	0.5144903	0.3744824	0.2557213
4350	-52.6747	-95.85915	43.18445	0.2947765	0.7129981	0.9024322
4356	-49.9222	-92.82044	42.89823	0.5765732	0.8006197	0.773973
4362	-53.40833	-97.44308	44.03475	0.07787981	0.3145815	0.9374346
4368	-46.246	-90.1207	43.8747	0.02421414	0.4789146	0.812122
4374	-46.98859	-90.39434	43.40576	0.1479097	0.7746484	0.6993696
4380	-53.61503	-96.80135	43.18632	0.367348	0.7746484	0.6993696
4386	-57.08416	-99.39938	42.31521	0.7477447	1.325519	0.5915064
4392	-59.1765	-101.1569	41.98043	0.1792983	2.610493	0.8069948
4398	-59.14571	-101.7604	42.61466	0.5575439	1.049546	0.8244381
4404	-52.8358	-97.33992	44.50412	0.4664057	0.08966605	0.7334741
4410	-54.50175	-99.13652	44.63477	0.4091048	0.08966605	0.4312709
4416	-55.43355	-99.02017	43.58662	0.2512841	0.3236839	1.179426
4422	-44.36632	-88.52	44.15368	0.1793234	0.3236839	0.5546688
4428	-45.17923	-88.19215	43.01291	0.4601177	0.8764629	0.3939351
4434	-49.74572	-90.98786	41.24214	1.276981	1.79981	0.237398
4440	-62.3773	-104.6007	42.22338	0.08946983	2.53543	0.6016319
4446	-57.05974	-100.1623	43.10258	0.3813645	0.7236439	0.8815959
4452	-52.90696	-96.14111	43.23415	0.6385458	0.5486865	0.3554331
4458	-55.63801	-97.85758	42.21956	0.3101931	2.141568	0.4478528
4464	-48.65287	-92.85282	44.19995	0.02274707	0.2737497	0.922671
4470	-54.10897	-96.21641	42.10744	1.425612	0.8067357	0.6665115
4476	-47.34658	-90.80012	43.45354	0.3838953	0.5308901	0.2967018
4482	-54.37367	-98.56439	44.19073	0.3770565	0.2223929	0.6141517
4488	-50.26996	-91.59126	41.3213	1.084371	2.298709	0.3645854
4494	-58.16894	-101.0025	42.83361	0.6817744	0.857674	0.550813
4500	-56.0806	-98.36643	42.28582	1.576263	0.3372287	0.1630015
4506	-54.75204	-94.37718	39.62515	1.576263	4.323374	0.1655921
4512	-66.01414	-108.8601	42.84595	1.332229	0.3875875	0.3926784
4518	-56.18663	-98.03919	41.85255	0.5394948	2.285324	0.7037602
4524	-55.4111	-98.22289	42.81179	0.2175936	1.369623	0.5862288
4530	-56.47922	-99.58287	43.10365	0.03100883	1.124528	0.2962587
4536	-57.36279	-100.2414	42.87866	0.9377971	0.6212342	0.5215122
4542	-52.24317	-95.42977	43.1866	0.7617017	0.4520063	0.8086921
4548	-49.10251	-92.93778	43.83527	0.2229448	0.4486616	0.6387898
4554	-50.00417	-91.88824	41.88407	0.7102524	2.037758	0.4921547
4560	-52.14045	-94.40823	42.26778	0.6606173	1.411355	0.7304539
4566	-54.50868	-95.43957	40.93089	0.8565352	3.859146	0.4576801
4572	-53.88858	-96.737	42.84842	0.3333219	0.8776884	0.2000215
4578	-50.39896	-94.75686	44.3579	0.2399331	0.1978672	0.7005532
4584	-51.8379	-95.61142	43.77352	0.2940968	0.4011754	0.7740937
4590	-52.77565	-95.746	42.97035	0.4459567	0.9198858	0.646341
4596	-47.55125	-90.78938	43.23813	0.4907489	0.6849685	0.5254016
4602	-50.89424	-93.87407	42.97983	0.2362908	1.130673	0.6298387
4608	-58.09568	-101.8476	43.75195	0.5720034	0.3286715	0.5437547
4614	-62.09792	-104.7455	42.64761	0.3117837	1.169843	0.9416722
4620	-60.62032	-102.9372	42.31691	0.3327688	1.130471	1.259752
4626	-60.56304	-102.8291	42.26602	1.05748	1.008494	0.6500782
4632	-59.58359	-103.6433	44.05975	0.8224033	0.1220866	0.6500782
4638	-59.52299	-102.7506	43.22761	0.1001242	0.6845069	1.092149
4644	-60.12849	-103.9366	43.80811	0.3711261	0.3861069	0.6298932
4650	-60.67968	-103.5313	42.85166	0.8135976	0.7184475	0.6106187
4656	-55.63043	-97.85121	42.22078	0.3056629	2.119688	0.6106187
4662	-59.55312	-102.2017	42.64854	0.4010338	1.263525	0.7264127
4668	-58.64785	-102.0826	43.4347	0.5882216	0.4791554	0.5909552
4674	-54.35578	-96.8197	42.46391	0.3375119	1.703518	0.4952084
4680	-54.93101	-98.42656	43.49556	0.137946	0.75975	0.4734609
4686	-51.75098	-94.16453	42.41356	0.2804965	1.854208	0.5758789
4692	-51.43135	-94.90703	43.47568	0.2928089	0.5818114	0.7669514
4698	-54.1586	-98.29599	44.13739	0.4644307	0.1993065	0.6856494
4704	-47.51359	-91.80931	44.29572	0.2148729	0.2501094	0.4524715
4710	-61.77864	-103.6335	41.85488	0.4017891	1.331855	1.435343
4716	-55.03068	-97.13792	42.10724	0.1494214	1.331855	1.435343
4722	-57.66334	-100.796	43.13269	0.6751018	0.6268995	0.5284494
4728	-53.60539	-97.49725	43.89186	0.6751018	0.1874242	0.2887054
4734	-54.76616	-98.56464	43.79849	0.7978234	0.1858171	0.3066013
4740	-50.22851	-93.67166	43.44315	0.9817269	0.2375396	0.2905668
4746	-50.73751	-93.78869	43.05118	0.1841007	1.136028	0.5505327
4752	-55.72038	-99.35819	43.63781	0.2147615	0.5769317	0.3885558
4758	-57.85027	-100.6777	42.82746	0.12201	1.473989	0.4226134
4764	-56.48491	-98.30504	41.82013	1.436183	0.9607662	0.2717958
4770	-52.01619	-95.37821	43.36201	0.7783853	0.4028201	0.3788666
4776	-52.00647	-95.31421	43.30774	0.1501581	0.8149457	0.7741428
4782	-52.66916	-95.9798	43.31064	0.1472613	0.8149457	0.7741428
4788	-54.10167	-95.40933	41.30766	0.9972451	2.335936	0.2888911
4794	-52.20714	-94.43352	42.22638	1.237991	0.6784781	0.214853
4800	-52.02949	-92.75764	40.72815	1.149238	2.92637	0.214853
4806	-55.34905	-97.50152	42.15248	0.5577659	1.499882	0.231311
4812	-57.89458	-99.83489	41.94031	0.9560883	1.499882	0.3615456
4818	-57.52477	-100.6341	43.10931	0.6469268	0.5874912	0.3006724
4824	-56.7947	-101.3837	44.58901	0.0666982	0.1878992	0.3769567
4830	-51.5683	-94.75588	43.18758	0.5532987	0.6016547	0.7647526
4836	-59.78578	-103.3149	43.52915	0.1814381	0.5806252	0.8455924
4842	-62.08422	-105.7878	43.70363	0.6020792	0.3186548	0.3658497
4848	-74.2282	-115.8948	41.6666	0.2565383	3.003245	0.8810991
4854	-54.15693	-98.46606	44.30913	0.002071744	0.278851	0.8021908
4860	-57.7834	-99.61197	41.82857	0.08868371	3.442239	0.6209594
4866	-61.41145	-103.6771	42.26562	0.2968754	2.087862	0.5415042
4872	-54.21046	-98.55175	44.3413	0.5009744	0.1369828	0.403779
4878	-56.55453	-99.40669	42.85217	1.07485	0.3494234	0.1874816
4884	-58.33656	-100.7128	42.37623	1.174416	0.8114598	0.4013855
4890	-54.33097	-98.05172	43.72075	0.7597743	0.1751339	0.2236168
4896	-56.01616	-98.07056	42.0544	0.5505298	1.99965	0.580449
4902	-55.46257	-97.5088	42.04623	0.9393311	1.421782	0.5969823
4908	-53.34877	-95.14993	41.80116	0.8760208	1.891033	0.4536229
4914	-51.90247	-95.28815	43.38568	0.9593398	0.2863873	0.326118
4920	-51.60845	-95.50983	43.90138	0.7266797	0.2077776	0.4553126
4926	-50.1141	-92.07303	41.95893	0.2726004	2.611588	0.6989985
4932	-46.97496	-91.52464	44.54968	0.2410831	0.1568261	0.465694
4938	-52.90365	-93.96985	41.0662	0.7781277	3.686211	0.5657783
4944	-50.77977	-92.36612	41.58636	0.8228729	1.741946	0.184225
4950	-50.96476	-94.51025	43.54549	0.6049297	0.4146572	0.4644516
4956	-51.873	-95.54673	43.67374	0.2170534	0.4966432	0.7830364
4962	-56.0361	-97.25527	41.21918	0.2416903	4.906914	0.5310793
4968	-52.3658	-95.43431	43.06852	0.3395764	0.8597551	0.7722481
4974	-54.49101	-98.03019	43.53918	0.6796146	0.3610812	0.3718895
4980	-53.94171	-96.93635	42.99464	1.09117	0.43504	0.3880911
4986	-57.8722	-98.516	40.64381	1.09117	3.481876	0.2503059
4992	-51.04532	-93.98961	42.94429	0.06524095	1.411634	0.5159912
4998	-54.52145	-97.376	42.85455	0.6007699	0.9002387	0.4109646
5004	-50.58568	-92.85857	42.27289	0.1559884	2.319683	0.429995
5010	-50.62821	-95.25209	44.62388	0.3259961	0.1117737	0.429995
5016	-53.822	-97.17456	43.35256	0.5200983	0.4600286	0.8839236
5022	-53.88081	-96.09482	42.214	0.4176551	1.952702	0.5842628
5028	-60.80587	-102.4554	41.64957	0.3221717	2.403797	1.111998
5034	-54.46685	-97.47572	43.00887	0.0918754	1.108101	0.8445752
5040	-65.13692	-106.405	41.2681	0.9727032	2.711112	0.4426174
5046	-63.98682	-106.0253	42.03848	1.218592	1.116902	0.4846618
5052	-56.03366	-99.3046	43.27094	1.144389	0.2430346	0.2942059
5058	-55.84983	-98.27551	42.42567	1.144389	0.6734811	0.2592381
5064	-52.65621	-94.71044	42.05424	1.179295	1.03016	0.30346
5070	-56.01973	-98.4451	42.42538	0.6916091	1.247755	0.3960288
5076	-58.01762	-100.9783	42.96068	0.8842354	0.575189	0.3722527
5082	-54.50451	-96.60371	42.0992	0.4734081	1.080579	1.359536
5088	-61.1883	-105.0291	43.84081	0.2386642	0.4354947	0.6443234
5094	-57.91021	-100.349	42.43882	0.6543178	1.288895	0.5905769
5100	-54.28622	-96.252	41.96577	0.4482598	1.240228	1.371946
5106	-54.65241	-96.11253	41.46012	0.2398949	4.003778	0.6588965
5112	-51.74957	-95.40316	43.65359	0.03263217	0.7033073	0.6064674
5118	-51.54939	-94.79228	43.24289	0.4186333	0.7094824	0.6477641
5124	-52.5918	-95.83778	43.24598	0.1511971	0.7862034	0.8927115
5130	-51.76751	-95.62628	43.85876	0.4821902	0.3097838	0.6300365
5136	-52.7571	-95.33414	42.57705	0.7703605	0.8268096	0.2428376
5142	-51.21631	-95.81937	44.60306	0.1041443	0.1814547	0.4513728
5148	-50.60697	-93.7911	43.18413	0.3872064	0.8122488	0.5208098
5154	-49.3663	-93.63688	44.27058	0.2551272	0.2145397	0.7385591
5160	-51.14523	-94.03103	42.8858	0.5844664	0.795613	0.7885009
5166	-56.2092	-99.65839	43.44919	0.5419852	0.4958932	0.4102001
5172	-52.9543	-96.03775	43.08345	0.270629	0.8209047	0.895282
5178	-57.10045	-99.7077	42.60724	0.7778224	0.9281963	0.6908604
5184	-49.38977	-93.8874	44.49763	0.2985526	0.155383	0.5323116
5190	-60.82854	-102.7688	41.94029	0.689572	1.689981	0.8635293
5196	-54.05325	-97.49808	43.44483	0.4738984	0.5115439	0.7026763
5202	-55.82152	-99.29582	43.47429	0.4415063	0.5191701	0.6858461
5208	-53.03535	-95.1902	42.15486	0.3481721	2.015329	0.7645752
5214	-51.83794	-93.84862	42.01068	0.317776	2.015329	0.9717479
5220	-51.47949	-93.74117	42.26168	0.1771911	2.182539	0.7179851
5226	-52.75648	-95.28383	42.52735	0.5726134	1.285583	0.5762647
5232	-52.77345	-95.38888	42.61543	0.4846029	1.195639	0.7384224
5238	-53.65112	-95.86744	42.21632	0.6715191	1.445395	0.7528606
5244	-59.73801	-102.3033	42.56525	0.3681176	1.379403	0.7605842
5250	-51.6679	-94.9027	43.2348	0.3250765	0.6229986	0.9466484
5256	-51.19268	-94.31873	43.12605	0.5765539	0.6229986	0.7757197
5262	-56.03452	-100.2435	44.209	0.06861639	0.3202019	0.7089437
5268	-62.42241	-104.5579	42.13545	0.138158	2.512366	0.7089437
5274	-63.5907	-105.4241	41.83336	0.6400767	2.238119	0.5718529
5280	-55.96027	-98.44149	42.48122	0.11417	1.427862	1.091414
5286	-54.83089	-99.01792	44.18703	0.005996444	0.2750546	0.9510352
5292	-56.73506	-100.6614	43.92629	0.1693909	0.4401767	0.5754883
5298	-51.96465	-95.22492	43.26027	0.1236252	0.9756039	0.5754883
5304	-51.74316	-95.59633	43.85317	0.06941555	0.5317946	0.6295434
5310	-49.69553	-93.39263	43.6971	0.2362552	0.5317946	0.6007549
5316	-53.1845	-96.3036	43.1191	0.9103285	0.4768094	0.4256971
5322	-51.76415	-95.2044	43.44025	0.9103285	0.2742172	0.3055094
5328	-51.29538	-94.51363	43.21825	1.131837	0.2503059	0.2650329
5334	-57.37062	-99.31914	41.94852	0.5428882	1.858357	0.8981063
5340	-51.88112	-95.14641	43.26529	0.216344	0.8782544	0.5939711
5346	-50.1755	-92.64844	42.47294	0.4895098	1.260978	0.8490334
5352	-51.08065	-94.47149	43.39085	0.0999349	0.8171992	0.7204518
5358	-53.88926	-95.90434	42.01508	0.4414437	2.287055	0.5124404
5364	-51.92673	-94.84621	42.91948	0.1683005	0.8382354	1.138745
5370	-53.98273	-96.75912	42.77639	0.9355857	0.6969841	0.5351515
5376	-52.90809	-95.83792	42.92983	0.5062619	0.5957767	1.105826
5382	-58.65268	-102.0377	43.38506	0.2724528	0.4349032	1.142024
5388	-60.87238	-101.8548	40.98243	0.6264573	4.41499	0.5066222
5394	-54.45233	-96.50938	42.05705	0.741119	1.70067	0.5527441
5400	-51.23756	-94.44789	43.21033	0.5984615	0.6251195	0.5401908
5406	-50.06009	-94.23231	44.17222	0.8000561	0.1021527	0.3906225
5412	-52.03608	-94.29905	42.26297	1.176982	0.6476832	0.1922052
5418	-53.82258	-96.93407	43.11149	0.7523276	0.524712	0.3094271
5424	-53.38859	-95.92006	42.53147	1.187678	0.5695557	0.2600794
5430	-61.01268	-104.0837	43.07105	0.3051563	0.9285802	0.7057399
5436	-52.32788	-94.99178	42.6639	0.7740002	0.9285802	0.5524532
5442	-53.39431	-95.9234	42.52909	0.8978276	0.9285802	0.415486
5448	-57.22097	-99.26336	42.04239	0.4681525	2.104519	0.3635353
5454	-67.0873	-108.9162	41.82885	1.09424	1.528162	0.5005655
5460	-65.49825	-107.5955	42.09727	1.235289	0.8464295	0.8865013
5466	-64.20969	-106.4316	42.22194	0.09907576	1.618185	1.211812
5472	-52.85637	-95.4557	42.59932	0.8189216	0.8554955	0.7645513
5478	-55.87348	-98.35494	42.48147	0.8189216	0.8554955	0.2362239
5484	-62.56307	-106.2743	43.71125	0.07501837	0.5422064	0.8242621
5490	-53.39859	-97.85462	44.45604	0.003901311	0.2716532	0.4824758
5496	-52.96751	-96.49206	43.52455	0.2872744	0.4105146	1.041379
5502	-55.76924	-99.68763	43.9184	0.04693249	0.4105146	0.8810147
5508	-51.13602	-93.73973	42.60371	0.06592932	1.03206	1.319273
5514	-52.26598	-96.07631	43.81033	0.1070948	0.5517858	0.4647046
5520	-59.70304	-101.5336	41.83056	0.6484567	1.398444	1.214232
5526	-55.38885	-98.20412	42.81527	0.2308276	0.9002992	1.114266
5532	-58.21892	-102.0093	43.79037	0.08312554	0.3410621	1.114266
5538	-55.17331	-97.97645	42.80313	0.1577474	1.142222	0.9661299
5544	-55.51793	-97.81963	42.30171	0.06181519	1.363091	1.332155
5550	-53.17741	-96.16216	42.98475	0.07745344	1.028481	0.9719981
5556	-48.09355	-91.08211	42.98856	0.5344597	0.8515823	0.5463599
5562	-50.33099	-93.41508	43.08409	1.189446	0.3181876	0.3282818
5568	-53.02844	-95.25546	42.22702	0.1197224	2.214297	0.8246797
5574	-51.20387	-93.46525	42.26138	0.2269707	2.214297	0.5631354
5580	-64.32319	-107.3822	43.05903	1.367312	0.2293528	0.2768969
5586	-63.58227	-106.9802	43.39789	1.166522	0.2293528	0.4443736
5592	-57.477	-100.8657	43.38869	0.9159185	0.3208123	0.3710678
5598	-66.26574	-107.5949	41.32919	0.243568	4.286858	0.3290561
5604	-64.9056	-107.3997	42.4941	0.1720623	0.8483711	1.472224
5610	-64.67351	-107.5163	42.84282	0.4404623	0.8483711	0.9385898
5616	-57.93677	-100.5893	42.65251	0.9287604	0.802118	0.4635958
5622	-50.25432	-93.61068	43.35637	0.156946	0.802118	0.7123655
5628	-57.8687	-100.6791	42.81036	0.1609342	1.139615	0.9577433
5634	-58.186	-100.6381	42.45207	0.09746435	1.139615	1.334486
5640	-64.54965	-106.026	41.47634	1.132774	1.994691	0.5757508
5646	-56.45227	-98.05721	41.60494	0.5119188	2.793961	0.3138794
5652	-54.86758	-99.00955	44.14197	0.4398819	0.1926607	0.7515967
5658	-54.44542	-97.22059	42.77517	0.0525667	1.471195	0.8095006
5664	-54.92706	-97.72642	42.79936	0.2244357	1.387891	0.4534441
5670	-56.78019	-97.99502	41.21483	0.8739798	2.958968	0.3595237
5676	-57.248	-99.39868	42.15068	0.8409869	1.30783	0.7589842
5682	-59.42465	-101.9224	42.49777	0.7723145	1.095278	0.4412021
5688	-67.39003	-107.5506	40.16055	0.9346732	6.312532	0.4412021
5694	-59.7837	-103.2713	43.48765	0.747893	0.3097185	0.8059189
5700	-56.37448	-99.203	42.82852	0.7640378	0.717706	0.7507259
5706	-57.2064	-99.6379	42.4315	0.7640378	1.181859	0.5431422
5712	-59.58609	-101.4836	41.89755	0.9317117	1.594392	0.3623778
5718	-54.72301	-97.55506	42.83205	0.8659678	0.673307	0.361148
5724	-55.06886	-98.84461	43.77575	0.5428324	0.3283051	0.5732735
5730	-57.32751	-100.7191	43.39164	0.3832094	0.6515792	0.5103543
5736	-58.8187	-101.4066	42.58794	0.8451027	0.788454	0.2636878
5742	-52.2711	-94.54635	42.27525	0.06115853	2.36825	0.7245599
5748	-54.46295	-95.67544	41.21249	1.464724	1.488228	0.2145835
5754	-56.04993	-98.80479	42.75486	1.151176	0.5489393	0.4101169
5760	-55.61767	-96.11726	40.49959	1.884584	0.7749083	0.06054276
5766	-53.17843	-95.58861	42.41018	1.487579	0.2261429	0.1176455
5772	-50.52229	-91.94799	41.4257	1.670014	0.4780272	0.08479981
5778	-49.94317	-91.72693	41.78376	1.670014	0.7077795	0.225802
5784	-53.77982	-96.5191	42.73928	0.6020293	0.9683711	0.6943644
5790	-49.32406	-90.59996	41.2759	0.7192333	3.107358	0.3256819
5796	-53.80933	-97.02874	43.21941	0.637401	0.5101862	0.7989329
5802	-53.81068	-95.54857	41.73789	0.753676	2.070944	0.7335618
5808	-51.93991	-96.19721	44.2573	0.2362983	0.2572335	0.5421374
5814	-51.94192	-95.66913	43.72721	0.01981278	0.6360421	0.6742514
5820	-50.17735	-92.86284	42.6855	0.01056301	1.810152	0.6467566
5826	-57.8011	-101.9453	44.1442	0.04201127	0.2571632	0.2017985
5832	-59.89524	-103.6406	43.74538	0.5486267	0.3351088	0.4075994
5838	-52.47011	-95.87055	43.40045	0.08573937	0.8825321	0.5590075
5844	-53.11787	-96.60358	43.48571	0.2058348	0.6568128	0.3291861
5850	-55.58297	-99.69388	44.11091	0.434598	0.207726	0.7384349
5856	-54.90181	-98.12791	43.2261	0.6551566	0.5211905	0.7384349
5862	-52.12853	-93.40393	41.27539	0.2506754	4.402009	0.7384349
5868	-55.41786	-96.26739	40.84952	0.856669	3.790783	0.3014507
5874	-54.80041	-95.79342	40.99301	0.5772889	4.328956	0.3400493
5880	-55.27777	-98.30542	43.02764	0.5247454	0.7002225	0.8356911
5886	-52.84244	-96.51295	43.67051	0.09623779	0.5528173	0.8281357
5892	-55.67683	-97.39196	41.71513	0.236819	2.961481	0.8682872
5898	-54.35825	-96.99477	42.63651	0.9808166	0.7703576	0.4530768
5904	-53.30194	-94.52908	41.22714	0.7975328	3.21261	0.4408029
5910	-58.62127	-101.6026	42.98134	0.7975328	0.5653441	0.2930063
5916	-55.06169	-98.20219	43.1405	0.987897	0.3618749	0.2873921
5922	-50.13185	-93.29133	43.15948	0.8504532	0.4475899	0.3231365
5928	-54.83938	-96.75009	41.91071	0.8504532	1.48228	0.8809714
5934	-55.8842	-98.99689	43.1127	0.1259821	0.5472769	1.335334
5940	-56.53096	-98.85161	42.32066	0.00446281	2.533586	0.5608439
5946	-62.52804	-106.5409	44.01289	0.4733897	0.2591712	0.5554005
5952	-56.5891	-97.95973	41.37064	1.293012	1.786427	0.3223346
5958	-56.96758	-100.7388	43.77119	0.8242216	0.1465706	0.2312753
5964	-53.2762	-97.00377	43.72757	0.8709008	0.2172545	0.4450954
5970	-54.20179	-98.01016	43.80837	0.1389871	0.4343976	0.2625997
5976	-61.15794	-105.179	44.02104	0.286876	0.3297991	0.5984969
5982	-61.21747	-105.1079	43.89047	0.5040322	0.2491409	0.7911885
5988	-60.39532	-104.0505	43.65517	1.206026	0.1129284	0.3126347
5994	-60.59747	-102.9621	42.36467	0.1150594	1.991428	0.8154214
6000	-59.44535	-101.0706	41.62524	0.8674196	2.135	0.362482
6006	-54.49976	-96.97308	42.47332	0.5038968	1.397383	0.6629788
6012	-61.21661	-104.2499	43.03331	0.3777116	0.6740986	1.026359
6018	-59.69339	-102.4791	42.78567	1.05478	0.5900934	0.6120279
6024	-61.17836	-102.566	41.38765	0.6002523	3.117278	0.7325654
6030	-56.1998	-97.2595	41.05969	0.4421454	4.492661	0.7325654
6036	-53.05205	-95.53234	42.48029	0.2545746	1.720346	0.3514357
6042	-51.15307	-94.19477	43.0417	0.7314034	0.6524585	0.4809056
6048	-51.94618	-95.43783	43.49166	1.038123	0.2443674	0.4809056
6054	-50.05141	-93.61213	43.56072	0.765068	0.27957	0.7799845
6060	-49.12027	-90.95688	41.83662	0.5469754	2.422908	0.4611701
6066	-55.94694	-98.1645	42.21756	0.3054484	2.139978	0.5866674
6072	-57.60794	-97.77821	40.17027	0.9673894	5.601517	0.2812698
6078	-57.56744	-99.4664	41.89896	1.260376	1.074466	0.2812698
6084	-54.35774	-96.81397	42.45623	0.9517156	0.8619137	0.3024971
6090	-63.57692	-106.3253	42.74833	0.5376056	0.6967289	1.115668
6096	-65.40271	-108.0661	42.66342	0.030132	0.6920001	1.593059
6102	-56.62378	-100.6029	43.97914	0.1353815	0.4348893	0.5239452
6108	-61.36161	-104.885	43.52341	0.4550992	0.4456378	0.2949382
6114	-63.71567	-105.5301	41.81446	0.5104916	2.488446	0.6305953
6120	-55.47195	-98.17831	42.70636	0.9380946	0.7419515	0.4250019
6126	-55.33436	-96.90959	41.57522	0.3040161	3.577824	0.4250019
6132	-50.54965	-93.97885	43.4292	0.5376854	0.5180228	0.4455077
6138	-49.45371	-94.09891	44.6452	0.06133539	0.1699449	0.367669
6144	-56.20171	-98.79864	42.59693	0.6514317	1.107047	0.4103693
6150	-56.81194	-99.51965	42.70771	0.4655605	1.181586	0.6229075
6156	-54.65967	-97.70071	43.04104	0.9281469	0.4984099	0.3772942
6162	-53.94487	-96.52481	42.57995	0.02089081	1.999363	0.5947588
6168	-52.16312	-95.17966	43.01655	0.03778348	1.340796	0.5789496
6174	-52.74135	-95.07539	42.33404	0.3928697	1.677792	0.7458364
6180	-59.57312	-101.6096	42.03645	0.5029231	2.130882	0.4676963
6186	-53.9199	-96.56274	42.64284	0.5029231	1.242839	0.5170169
6192	-59.82181	-103.2754	43.45364	0.07667358	0.7137218	0.8414377
6198	-53.97993	-97.90501	43.92508	0.05476727	0.4436163	0.7864842
6204	-57.41414	-99.85308	42.43894	0.07500364	2.022195	0.7424107
6210	-58.35743	-102.1357	43.77824	0.4012334	0.278492	0.9564165
6216	-56.91874	-101.1147	44.19594	0.07189549	0.3535643	0.4456407
6222	-62.63234	-106.4045	43.7722	0.670341	0.2789744	0.5012888
6228	-57.77326	-101.4662	43.69294	0.1543998	0.3806215	1.062865
6234	-60.268	-103.076	42.80804	0.8551919	0.7059748	0.3724131
6240	-54.6086	-98.21512	43.60652	0.8551919	0.2705671	0.472612
6246	-59.88336	-102.9376	43.05424	1.248356	0.2705671	0.2673987
6252	-61.13705	-103.1183	41.98128	0.5154706	2.185299	0.4189905
6258	-58.34557	-100.8406	42.49501	0.6419205	1.184743	0.6930108
6264	-58.00363	-101.1057	43.10207	0.7278347	0.5855976	0.37296
6270	-52.07944	-95.33097	43.25153	0.8229445	0.4499959	0.4210001
6276	-50.42454	-93.84755	43.423	0.9173865	0.3228428	0.505503
6282	-55.81703	-98.98477	43.16774	0.4928029	0.7390923	0.5001627
6288	-58.14262	-102.3409	44.19833	0.07066381	0.3491707	0.5898834
6294	-70.58421	-112.4756	41.89144	0.4755498	1.760927	1.086401
6300	-69.88607	-110.7839	40.89786	0.1810751	4.861448	1.086401
6306	-66.4225	-109.0067	42.58424	0.3690523	1.461792	0.602931
6312	-54.10054	-96.34687	42.24633	0.1089222	2.410422	0.3747786
6318	-54.34173	-98.25461	43.91287	0.1782371	0.4214777	0.3591033
6324	-58.13449	-100.7388	42.60428	0.6856038	0.8440068	0.9368147
6330	-56.69052	-98.64839	41.95787	1.195281	0.9822025	0.2309089
6336	-56.33362	-96.62746	40.29383	0.7621532	5.543447	0.2309089
6342	-50.96479	-94.21975	43.25496	1.013351	0.346079	0.4029898
6348	-51.19193	-94.78125	43.58933	0.5333257	0.431028	0.5040036
6354	-52.52367	-95.96651	43.44284	0.2413328	0.720351	0.5040036
6360	-59.25176	-101.1793	41.9275	0.1331033	2.190994	1.132813
6366	-60.41469	-103.843	43.42829	0.03471469	0.251516	1.608638
6372	-55.09302	-99.15302	44.06	0.1099072	0.3118674	0.8805926
6378	-57.1563	-101.4617	44.30544	0.04409429	0.3118674	0.5935289
6384	-55.85123	-98.8211	42.96987	0.7124967	0.7169489	0.4464551
6390	-56.12761	-99.91335	43.78575	0.8153976	0.1929276	0.3300149
6396	-59.64817	-101.9627	42.31454	1.023509	0.9318367	0.3071561
6402	-51.28889	-94.95774	43.66884	0.392898	0.4643142	0.5280522
6408	-57.68154	-100.2063	42.52476	0.1063294	1.25213	1.185236
6414	-59.06176	-102.3266	43.26488	0.8530758	0.4025725	0.3483767
6420	-57.68066	-100.0044	42.32373	0.8530758	0.4746973	1.47524
6426	-57.0722	-99.64248	42.57028	0.9003408	0.7745247	0.8213483
6432	-61.22945	-102.9375	41.70802	0.1460051	1.888269	1.445539
6438	-56.78191	-99.71481	42.9329	0.7916254	0.6511155	0.6774319
6444	-61.81717	-104.3959	42.57877	0.01332738	1.801741	0.8201931
6450	-64.36382	-106.8501	42.48627	0.1977361	1.801741	0.6819418
6456	-56.39444	-98.7526	42.35816	0.8416388	1.161454	0.5990603
6462	-53.72181	-97.43465	43.71284	0.2263709	0.5257103	0.4028429
6468	-52.0728	-96.05365	43.98086	0.005173627	0.5099194	0.5144256
6474	-53.74977	-98.09469	44.34492	0.09653689	0.2718717	0.4097429
6480	-52.26609	-96.21295	43.94686	0.4562068	0.2855666	0.6164001
6486	-49.96564	-93.80098	43.83533	0.2460313	0.453976	0.4962862
6492	-56.63968	-99.60543	42.96575	0.5862185	0.8088839	0.6180666
6498	-52.29306	-95.15547	42.86241	0.5846759	0.9081708	0.6000941
6504	-48.84381	-93.1753	44.3315	0.3517731	0.1852322	0.5983284
6510	-55.04476	-97.50163	42.45686	0.7927366	1.106962	0.5983284
6516	-48.53385	-90.44687	41.91302	0.7927366	1.702198	0.311186
6522	-46.8788	-89.48433	42.60553	0.7927366	0.6473592	0.1797366
6528	-52.85102	-94.17848	41.32746	0.746706	3.076124	0.4210197
6534	-60.006	-102.6862	42.68022	1.261718	0.5269127	0.4131282
6540	-52.84999	-96.79322	43.94323	0.3118005	0.2687315	0.240535
6546	-50.74629	-92.75781	42.01153	1.255447	0.8914393	0.2390978
6552	-53.95885	-96.83758	42.87873	1.255447	0.2512187	0.180933
6558	-57.87637	-98.69209	40.81572	1.36502	2.129965	0.18586
6564	-58.1242	-99.28238	41.15818	1.36502	2.129965	0.409048
6570	-59.31174	-100.9225	41.61075	1.939211	0.6535405	0.2361624
6576	-55.70875	-96.77306	41.06432	1.323241	2.077336	0.2545639
6582	-56.49809	-97.06471	40.56662	1.000786	4.51804	0.433009
6588	-57.5249	-101.1183	43.59344	0.3950702	0.2922845	0.1691715
6594	-51.79986	-95.25741	43.45755	0.08172169	0.7370497	0.2906235
6600	-52.03827	-94.85874	42.82048	0.6417023	0.7370497	0.2461721
6606	-53.93519	-95.87126	41.93607	0.7443497	1.725975	0.3035309
6612	-53.17769	-96.3759	43.19821	0.7016481	0.5383904	0.6572185
6618	-55.1929	-99.32203	44.12913	0.2494	0.2024692	0.9618028
6624	-56.24219	-99.22141	42.97922	1.092024	0.3524073	0.2440245
6630	-52.16026	-95.09855	42.93829	1.092024	0.4519177	0.3523014
6636	-58.4901	-101.2814	42.79126	0.191608	1.219836	0.8664654
6642	-59.36474	-101.3069	41.94217	0.840677	1.625114	0.7140221
6648	-57.89716	-101.1435	43.24631	0.181671	0.8665985	0.7311203
6654	-57.15703	-99.90166	42.74463	0.2517599	1.294749	0.7676767
6660	-60.25364	-103.2745	43.02084	0.07408025	1.251937	0.6627479
6666	-62.33454	-105.0703	42.73575	0.3619002	1.251937	0.6571275
6672	-61.04606	-103.2846	42.23858	0.3880984	1.861049	0.7171037
6678	-65.65067	-106.7241	41.07341	0.5260806	2.502056	1.382448
6684	-61.68084	-105.6443	43.96345	0.4596841	0.1963999	0.9338258
6690	-66.0881	-109.2409	43.15284	0.1996702	0.7931031	0.9330129
6696	-58.82235	-103.8302	45.00786	0.04942348	0.08647897	0.4288322
6702	-52.54884	-96.54286	43.99402	0.3509539	0.3178349	0.4445108
6708	-64.31298	-106.7719	42.45894	0.6110529	0.7106819	1.285409
6714	-54.13579	-95.71906	41.58326	1.058163	1.956908	0.4842571
6720	-58.12509	-99.08952	40.96442	0.2526379	5.724905	0.3922703
6726	-56.45751	-99.72766	43.27015	0.1364786	0.9557848	0.5658461
6732	-61.53643	-103.2348	41.69841	0.177777	2.241861	1.267391
6738	-50.85386	-95.28996	44.4361	0.1712584	0.2027693	0.3720373
6744	-57.88316	-99.66861	41.78545	0.03469115	3.706478	0.3966193
6750	-54.24567	-96.07251	41.82684	0.6178479	2.301277	0.5497884
6756	-53.82378	-95.65276	41.82897	0.5936175	2.301277	0.6247328
6762	-49.90775	-92.32334	42.41559	0.6675259	1.291967	0.6127523
6768	-58.40321	-99.16284	40.75964	0.8059487	4.425055	0.3711992
6774	-59.11446	-99.94591	40.83145	1.292073	2.320973	0.2002617
6780	-60.86173	-104.1307	43.26893	0.05539242	0.7382452	1.029984
6786	-60.99008	-105.9359	44.94587	0.02502575	0.1027952	0.6248514
6792	-56.94651	-99.38778	42.44127	0.5102832	1.445554	0.38292
6798	-54.14021	-96.43227	42.29206	0.4577716	1.694356	0.6896879
6804	-61.14446	-104.9567	43.81221	0.2997574	0.3303411	0.8996961
6810	-53.79914	-95.62455	41.82541	0.8763735	1.829716	0.4108752
6816	-52.76386	-96.73871	43.97485	0.6275831	0.2046602	0.3730116
6822	-49.1705	-93.55253	44.38203	0.4578076	0.1398315	0.4227461
6828	-55.73966	-98.65286	42.9132	1.427723	0.1445808	0.1519121
6834	-57.08389	-100.0602	42.97631	1.427723	0.1070311	0.1356111
6840	-54.71305	-96.81003	42.09698	1.60445	0.5063966	0.2088233
6846	-56.41064	-97.27202	40.86137	1.769026	1.013295	0.1111528
6852	-53.05503	-93.69108	40.63605	1.943342	0.9483492	0.09592088
6858	-59.82234	-96.61379	36.79145	2.205625	8.333528	0.03649882
6864	-58.16652	-101.4757	43.30915	0.484999	0.5394088	0.8197931
6870	-53.82675	-96.04367	42.21693	1.507836	0.4093434	0.1650776
6876	-55.24142	-96.86206	41.62064	1.215243	1.280386	0.2131338
6882	-59.54517	-101.3667	41.8215	1.215243	1.202341	0.2771316
6888	-62.01543	-105.4454	43.42993	0.8279176	0.3095886	0.2987862
6894	-52.71167	-96.59147	43.8798	0.6293124	0.2524904	0.50725
6900	-51.26655	-94.98326	43.71671	0.3286449	0.4291965	0.325087
6906	-49.84711	-93.37493	43.52781	0.2649921	0.6359959	0.4577112
6912	-62.04458	-104.7347	42.69014	0.6186041	0.6417018	1.161308
6918	-54.31175	-97.53562	43.22388	0.09882639	0.6316852	1.161308
6924	-52.1238	-96.02406	43.90026	0.1337167	0.4783519	0.5522095
6930	-58.43053	-100.8495	42.41899	0.5256492	1.398527	0.720252
6936	-59.95434	-102.7012	42.74687	0.07469669	1.597604	0.6792713
6942	-59.06162	-102.8896	43.82796	0.04886465	0.5495727	0.6686252
6948	-56.2959	-98.46577	42.16987	0.1474665	1.924315	1.036668
6954	-62.73681	-104.6614	41.92458	0.006802238	2.17556	1.251446
6960	-59.62229	-102.8388	43.21655	0.2329528	0.9143887	0.5686106
6966	-58.99244	-102.0289	43.0365	1.087124	0.4209078	0.6002158
6972	-52.28163	-96.38816	44.10654	0.04766617	0.3864318	0.6813501
6978	-51.50542	-93.96917	42.46375	0.8416858	1.038935	0.3948108
6984	-50.35112	-93.51864	43.16752	0.2075621	0.9944999	0.5056564
6990	-47.90797	-91.2561	43.34813	0.1031086	0.8658173	0.6935546
6996	-54.48354	-96.40826	41.92473	0.5319845	1.883309	0.9195271
7002	-57.37014	-99.24781	41.87767	0.897819	1.66585	0.356522
7008	-55.51183	-100.0394	44.52757	0.2847823	0.1493192	0.5611233
7014	-53.16721	-96.73885	43.57164	0.391746	0.4244105	0.8525629
7020	-53.34374	-96.60427	43.26053	0.3090685	0.7462965	0.7306373
7026	-54.0204	-96.49461	42.47421	0.2744414	1.782307	0.4746612
7032	-51.58524	-94.71273	43.12749	0.08951192	1.125462	0.6389859
7038	-51.15618	-94.02036	42.86418	0.06199076	1.258819	0.8937303
7044	-54.46219	-97.57417	43.11197	0.3495923	0.732966	0.8937303
7050	-60.75091	-100.6927	39.94181	1.4886	4.997107	0.4438879
7056	-56.44287	-98.4105	41.96763	0.3099486	2.393503	0.7920488
7062	-52.67316	-95.68362	43.01046	0.1861242	1.08623	0.7423511
7068	-50.75214	-94.4017	43.64956	0.3695449	0.3780431	0.8918423
7074	-52.75371	-96.96746	44.21375	0.6011707	0.1232275	0.3080243
7080	-51.94844	-95.20838	43.25994	0.1725254	0.65607	1.029181
7086	-60.34256	-102.7399	42.39731	1.01377	0.65607	0.1868991
7092	-54.09787	-97.12029	43.02242	0.9911354	0.4747646	0.6365723
7098	-52.68787	-96.58547	43.8976	0.701422	0.1922436	0.7270472
7104	-52.42933	-96.44349	44.01415	0.2972106	0.2614098	0.8567136
7110	-64.36576	-106.8625	42.49669	0.1646463	1.906626	0.4297393
7116	-50.32645	-93.32849	43.00204	0.234888	0.9092447	0.916137
7122	-57.78317	-100.3209	42.53778	1.308117	0.3189865	0.1501757
7128	-57.12894	-100.5469	43.41793	0.1941165	0.3892043	1.255181
7134	-56.66015	-100.0115	43.35136	0.6778011	0.3892043	0.8541652
7140	-53.90326	-97.14516	43.2419	0.2284816	0.7358165	0.8795104
7146	-53.1885	-96.35328	43.16478	0.3607783	0.8164526	0.6586641
7152	-54.61458	-95.90075	41.28617	0.4614864	3.84666	0.6711224
7158	-50.22056	-93.93536	43.7148	0.6089469	0.2489975	0.2492844
7164	-51.82983	-95.29796	43.46814	0.7079118	0.3715729	0.3449786
7170	-52.80712	-96.85381	44.04669	0.5128376	0.2233219	0.3902379
7176	-54.41067	-96.59698	42.1863	1.198447	0.7595872	0.2242226
7182	-60.95113	-102.4182	41.4671	1.56978	0.9429723	0.1773887
7188	-62.90662	-102.5981	39.69153	0.8718186	8.584291	0.3270627
7194	-53.98117	-97.72971	43.74855	0.8718186	0.1242096	0.2086516
7200	-52.25181	-95.45083	43.19902	0.4029904	0.6580539	0.8436957
7206	-58.10035	-99.06624	40.96588	0.0696702	4.301391	1.271028
7212	-49.60622	-92.03303	42.42681	0.3511086	1.674395	0.6614122
7218	-54.86198	-97.19391	42.33193	0.2241779	1.674395	0.9570666
7224	-58.38116	-99.37092	40.98976	0.8719445	3.359723	0.7760617
7230	-52.40725	-96.11396	43.70671	0.5778102	0.3474034	0.537347
7236	-54.65208	-98.01312	43.36103	0.0349323	0.9019873	0.7202282
7242	-56.92029	-101.0824	44.16216	0.3533246	0.2499732	0.5122363
7248	-57.76103	-99.01626	41.25522	1.057687	2.564548	0.4562021
7254	-59.93203	-101.3407	41.40872	1.026042	2.315101	0.4418431
7260	-56.48313	-99.33581	42.85268	0.9407719	0.6209496	0.3977037
7266	-53.70272	-97.05758	43.35485	1.043904	0.2053659	0.2282696
7272	-58.28641	-101.7605	43.47407	1.043904	0.1215061	0.1738528
7278	-54.07076	-95.89857	41.8278	1.043904	1.363478	0.2589493
7284	-57.90694	-100.8726	42.96564	0.08190226	1.363478	0.5045948
7290	-53.7485	-95.39287	41.64437	1.026357	1.686312	0.2784723
7296	-52.86354	-95.0266	42.16306	1.026357	1.120815	0.3411966
7302	-53.79943	-96.23609	42.43666	0.3429654	1.361472	0.9619505
7308	-52.47491	-94.52317	42.04825	0.1341859	2.433378	0.88505
7314	-65.2519	-105.9953	40.74337	0.6734182	3.546818	0.1538255
7320	-54.61173	-96.93006	42.31833	0.5854435	1.323617	0.2590585
7326	-57.05064	-99.68836	42.63771	0.5042084	1.197063	0.6629313
7332	-55.83402	-97.36425	41.53022	0.5889552	2.635737	0.2655608
7338	-56.36553	-100.4341	44.06856	0.8598293	0.1045038	0.3437909
7344	-47.72423	-91.90114	44.17691	0.1828258	0.3117029	0.5555243
7350	-50.91631	-94.30789	43.39157	0.1456872	0.5774154	1.03637
7356	-50.41508	-94.16405	43.74897	0.07884047	0.5774154	0.6815084
7362	-48.64185	-91.93336	43.29151	0.01815615	1.006676	0.6815084
7368	-50.01042	-93.90434	43.89393	0.1580261	0.4662326	0.5658125
7374	-56.54369	-98.37754	41.83385	0.1653885	3.295622	0.4967876
7380	-51.31263	-93.97812	42.66548	0.7604091	0.9034224	0.6633811
7386	-47.59847	-90.51605	42.91758	0.527897	0.8457131	0.3182884
7392	-48.26028	-92.50944	44.24916	0.008327048	0.3011746	0.8029295
7398	-46.66834	-90.09451	43.42617	0.2849469	0.6993642	0.4923317
7404	-52.207	-94.34981	42.1428	0.5920042	1.253366	1.091797
7410	-50.01966	-92.40029	42.38063	0.3643673	1.460475	0.9174905
7416	-58.74662	-102.5605	43.81385	0.2664163	0.4196388	0.6999121
7422	-58.86618	-103.0134	44.14717	0.3309933	0.2401963	0.6999121
7428	-58.23832	-100.4866	42.24832	0.660833	1.46089	0.6999121
7434	-59.97419	-101.1162	41.14204	0.7626839	2.958786	0.9230728
7440	-59.44524	-102.1191	42.67382	0.4630874	0.9542165	0.97207
7446	-61.22129	-102.2913	41.07001	0.6052637	4.116771	0.6302439
7452	-56.4428	-99.65086	43.20806	0.54777	0.6631595	0.5427647
7458	-53.75389	-96.99908	43.24518	0.6133437	0.5921612	0.4806563
7464	-54.50809	-97.15399	42.6459	0.5514122	1.011623	0.8394392
7470	-54.99294	-97.3483	42.35537	0.2962333	1.421044	1.043441
7476	-54.56701	-96.26007	41.69305	0.214579	3.29122	0.748232
7482	-50.02194	-93.53071	43.50877	0.683684	0.3937867	0.4833632
7488	-52.12363	-95.30769	43.18405	0.9962961	0.3937867	0.5838589
7494	-50.2504	-93.72477	43.47437	0.6725539	0.4121532	0.5773894
7500	-53.10859	-96.93775	43.82916	0.2424809	0.438178	0.650833
7506	-54.49512	-97.48407	42.98895	0.2277272	0.8411717	1.015208
7512	-53.08615	-95.95021	42.86406	0.3365142	1.139176	0.6478184
7518	-51.66218	-94.49143	42.82925	0.2435163	1.286953	0.6478184
7524	-48.67785	-92.2269	43.54905	0.3253777	0.5611239	0.6357175
7530	-49.47307	-94.0486	44.57553	0.1490704	0.1650885	0.6566016
7536	-57.83337	-99.88811	42.05475	0.5788212	1.916104	0.38244
7542	-54.80961	-99.55795	44.74833	0.3541464	0.07882396	0.5215388
7548	-59.4172	-101.6619	42.24468	0.8021038	1.350493	0.4291536
7554	-55.57413	-98.4305	42.85637	0.1408899	1.389289	0.6328341
7560	-51.94069	-95.24261	43.30192	0.281913	0.4323059	1.210243
7566	-56.98562	-101.0891	44.10343	0.7967539	0.1271889	0.5021457
7572	-53.99721	-96.79929	42.80209	0.3278083	1.262294	0.5038621
7578	-52.27813	-95.84487	43.56674	0.1401199	0.6854904	0.4011528
7584	-52.31684	-95.61149	43.29465	0.6689179	0.5239307	0.5109989
7590	-56.75979	-100.2161	43.45636	1.183601	0.1201735	0.2100655
7596	-57.21615	-99.73307	42.51692	1.365189	0.5049251	0.2987475
7602	-54.79504	-98.62088	43.82585	0.1361415	0.5207309	0.4433561
7608	-55.10788	-97.35726	42.24938	1.290689	0.8344903	0.4454903
7614	-58.13671	-100.5032	42.36652	0.7654885	0.6380874	1.313916
7620	-58.33954	-102.3718	44.03228	0.5086711	0.2332292	0.6054095
7626	-61.99173	-105.5472	43.55542	0.183358	0.248265	1.408609
7632	-62.27718	-106.2201	43.94291	0.2068008	0.3003047	0.9327815
7638	-56.88739	-98.23593	41.34854	1.212243	1.783204	0.2522834
7644	-54.17121	-96.42365	42.25244	0.1294555	2.353269	0.6558689
7650	-56.17987	-98.76041	42.58054	1.433568	0.4706602	0.3742964
7656	-56.59375	-99.21065	42.6169	1.433568	0.4554184	0.3901398
7662	-57.14797	-100.8054	43.65743	0.3652199	0.3728521	0.899644
7668	-54.64537	-96.74721	42.10184	0.8143489	1.352403	0.2797766
7674	-53.72202	-96.8791	43.15709	0.1920562	1.007903	0.5836774
7680	-54.13541	-97.17331	43.0379	0.2631792	0.9929664	0.7204208
7686	-52.99263	-97.47499	44.48235	0.05577168	0.171256	0.8939793
7692	-55.49837	-98.36509	42.86672	0.07746982	1.413876	0.7010333
7698	-55.03758	-97.55572	42.51815	0.4438358	1.413876	0.3628391
7704	-47.69169	-90.73243	43.04074	0.4584601	0.8673952	0.5747443
7710	-53.54058	-94.9596	41.41902	0.4584601	3.603522	0.4524164
7716	-52.15609	-94.0365	41.88041	1.108936	1.432344	0.4524164
7722	-48.31555	-91.47247	43.15692	0.1720708	1.024225	0.5968308
7728	-49.056	-92.37332	43.31731	0.3884823	0.6908051	0.5968308
7734	-49.36618	-92.52229	43.15611	0.6278473	0.6157956	0.6574398
7740	-60.5593	-101.3823	40.82299	0.7790803	3.605771	0.2129618
7746	-66.00645	-108.011	42.0045	0.2654776	2.531761	0.6988664
7752	-55.87571	-99.15412	43.27841	0.1391378	0.5242258	1.218123
7758	-56.15139	-100.0088	43.85742	0.3374253	0.385344	0.4189937
7764	-51.45215	-95.35078	43.89863	0.4332304	0.324684	0.5489636
7770	-51.34776	-95.18454	43.83677	0.2077607	0.4579075	0.3874336
7776	-54.9043	-97.61433	42.71003	1.112723	0.5233639	0.2786465
7782	-52.31643	-94.41854	42.1021	0.6588638	1.504446	0.8620483
7788	-53.21429	-95.60195	42.38766	0.6046703	1.407706	0.4049903
7794	-54.16962	-97.4016	43.23198	0.2839282	0.8286002	0.6493316
7800	-57.34166	-99.72458	42.38293	0.4447815	1.613911	0.6433722
7806	-55.91069	-99.76441	43.85372	0.01878591	0.5806723	0.4578445
7812	-48.57196	-91.14246	42.5705	0.04272262	1.994362	0.5593173
7818	-49.45423	-93.76796	44.31373	0.230931	0.1877608	0.823276
7824	-57.66823	-99.04204	41.37381	0.2294083	3.075338	1.165978
7830	-50.65609	-94.13799	43.4819	0.7491523	0.3665766	0.5956187
7836	-49.39849	-92.80124	43.40275	0.7059807	0.4362619	0.4545045
7842	-54.22788	-98.08195	43.85408	0.2105927	0.3935765	0.7983433
7848	-53.53635	-96.72192	43.18557	0.2801405	0.8639751	0.6702604
7854	-52.7961	-97.28174	44.48564	0.02904766	0.2472009	0.5674512
7860	-50.34103	-93.34835	43.00733	1.015394	0.4565381	0.3529889
7866	-51.83161	-96.50985	44.67824	0.1109891	0.1547403	0.5784834
7872	-48.77594	-92.86999	44.09404	0.3657562	0.2196807	0.8109413
7878	-51.77971	-96.24771	44.46801	0.001985357	0.261198	0.41376
7884	-53.6367	-98.09266	44.45596	0.004738495	0.261198	0.3942252
7890	-53.37206	-97.93639	44.56433	0.07776049	0.2032856	0.5425693
7896	-54.26617	-98.01914	43.75297	0.1107325	0.5773645	0.4121917
7902	-47.10929	-90.68326	43.57396	0.1668052	0.6769065	0.5052733
7908	-50.29603	-93.58088	43.28485	0.3995085	0.6769065	0.6873539
7914	-55.46589	-98.75486	43.28897	0.2865986	0.8052291	0.4524416
7920	-49.7272	-91.90056	42.17335	1.253387	0.6616592	0.1940541
7926	-49.06081	-92.76704	43.70623	0.2059237	0.5437694	0.6076712
7932	-53.67681	-95.4223	41.74549	1.129243	1.243172	0.2160038
7938	-51.58917	-94.23876	42.64959	1.101132	0.63929	0.3697298
7944	-49.28357	-91.95722	42.67365	0.71889	0.973598	0.4578488
7950	-58.25099	-101.336	43.08497	1.125682	0.3835728	0.5357261
7956	-59.74213	-101.9114	42.16927	0.7060849	1.594343	0.5178328
7962	-49.77193	-94.05381	44.28189	0.1416165	0.2773479	0.6150902
7968	-52.14466	-94.66338	42.51872	1.057249	0.779319	0.3787445
7974	-60.67791	-104.0923	43.4144	0.6982704	0.4355176	0.4704426
7980	-57.03314	-99.43018	42.39704	0.08076055	2.246298	0.4816817
7986	-55.27711	-98.92018	43.64306	0.1484103	0.6383416	0.5311065
7992	-58.82664	-101.441	42.61434	0.09302214	1.758987	0.6895523
7998	-56.07236	-98.47463	42.40227	0.191782	1.758987	0.851945
8004	-51.88627	-94.05853	42.17226	0.8029066	1.048225	0.1901492
8010	-52.64087	-94.01143	41.37056	0.2248049	4.457949	0.4874625
8016	-56.42924	-98.06098	41.63174	0.8370132	2.233266	0.4140433
8022	-50.04045	-93.41085	43.3704	0.4702442	0.596602	0.5820489
8028	-51.02765	-94.75165	43.724	0.4553134	0.3923816	0.5962379
8034	-55.1275	-96.71385	41.58635	0.2602367	3.656456	0.5962379
8040	-59.68	-100.6999	41.01991	0.6414964	4.234847	0.5488372
8046	-53.43993	-97.40578	43.96584	0.3644669	0.2798577	0.7726547
8052	-53.79712	-97.78956	43.99244	0.2048696	0.3329223	0.7878061
8058	-55.75193	-98.6548	42.90287	0.5113508	0.9407259	0.5950117
8064	-56.46897	-99.91016	43.4412	0.8138099	0.3550706	0.5950117
8070	-57.01684	-99.42176	42.40493	0.5283892	1.295719	0.8493862
8076	-53.97734	-97.9705	43.99316	0.106461	0.3056545	0.972462
8082	-52.35244	-93.45429	41.10184	1.040813	2.794505	0.3382582
8088	-58.7287	-101.5946	42.86588	0.8825783	0.3593299	0.1479256
8094	-57.30459	-100.3853	43.08076	1.078685	0.4002021	0.6099782
8100	-59.96026	-102.0469	42.08661	0.3241562	0.9722629	1.563479
8106	-60.96014	-103.5472	42.58705	1.464344	0.4518175	0.6415595
8112	-55.26133	-98.19827	42.93695	0.3598944	0.9740871	0.7565887
8118	-54.03024	-97.91781	43.88758	0.5519777	0.2801584	0.5073007
8124	-60.07804	-102.405	42.32695	0.4991641	1.566772	0.7099263
8130	-52.61452	-95.49745	42.88293	0.1570646	1.033191	0.9899557
8136	-55.05309	-97.03648	41.98339	0.1652175	1.531861	1.401114
8142	-57.3346	-100.1304	42.79582	0.02013894	1.681849	0.4992613
8148	-57.20329	-98.88693	41.68364	0.4650966	2.882795	0.6124019
8154	-53.21761	-97.82106	44.60345	0.2191615	0.1459177	0.5687601
8160	-51.24581	-95.50935	44.26354	0.4596323	0.170708	0.3990436
8166	-57.5936	-99.73712	42.14352	1.210811	0.8204208	0.2426221
8172	-59.95421	-101.9135	41.95929	1.097307	1.285975	0.3536374
8178	-62.16815	-100.2176	38.04942	1.097307	17.62601	0.1973356
8184	-52.62159	-95.26063	42.63904	1.097307	0.6535564	0.3775461
8190	-58.35445	-100.331	41.97652	0.406772	2.302008	0.7037077
8196	-55.01144	-97.79196	42.78051	0.9615607	0.4545365	0.1928707
8202	-60.31661	-101.4816	41.16504	0.6856358	3.687887	0.477874
8208	-54.44765	-97.94664	43.499	0.2041271	0.3994632	1.160403
8214	-55.58992	-97.33071	41.7408	0.06107344	2.695564	1.137704
8220	-59.77799	-102.306	42.528	0.347092	1.184577	1.014615
8226	-56.92217	-99.87119	42.94901	0.1935179	1.184577	0.683041
8232	-55.24358	-99.07093	43.82735	0.1297315	0.4948864	0.683041
8238	-54.10895	-97.6441	43.53515	0.3761719	0.4753839	0.803749
8244	-54.6896	-97.91851	43.22891	0.4800431	0.7005651	0.4812801
8250	-56.11867	-99.11259	42.99392	0.3628586	0.8730554	0.8212849
8256	-58.98861	-101.2447	42.25605	0.6760397	1.324908	0.8212849
8262	-57.26329	-100.1657	42.90239	0.505013	0.9624736	0.512254
8268	-58.39285	-102.3957	44.0029	0.1534127	0.4127811	0.512254
8274	-59.42992	-103.0752	43.64528	0.5714291	0.3798207	0.4574345
8280	-55.65108	-99.30325	43.65217	0.4612721	0.4089534	0.675986
8286	-52.03764	-94.88698	42.84934	0.6591052	0.8631436	0.5550835
8292	-52.05721	-94.49446	42.43725	0.7348049	1.173019	0.6437971
8298	-49.32264	-93.54113	44.2185	0.03710264	0.3418814	0.6619852
8304	-55.50678	-98.60656	43.09978	0.1045569	0.9498072	0.9047676
8310	-61.86599	-103.2019	41.33591	0.4532155	3.474708	0.8145755
8316	-61.31075	-104.7902	43.47945	0.2826987	0.5144863	0.9052187
8322	-61.44509	-104.6049	43.15981	0.2610838	0.7574711	0.9052187
8328	-60.57048	-102.9687	42.3982	0.8866084	1.023319	0.6967997
8334	-60.77108	-104.6613	43.89018	0.7707527	0.1417016	0.8692305
8340	-53.55809	-96.64033	43.08224	0.5477303	0.7337738	0.6491487
8346	-53.41116	-95.62093	42.20977	0.5084341	1.77833	0.3801584
8352	-54.70961	-96.17261	41.46301	1.07331	1.897045	0.2787615
8358	-55.0353	-96.33338	41.29808	1.469992	1.327533	0.2027244
8364	-52.72437	-95.88402	43.15965	1.469992	0.1501153	0.2532011
8370	-54.73099	-96.00164	41.27065	1.147044	2.329432	0.4135306
8376	-55.50547	-97.66968	42.16421	0.735004	1.454392	0.7247764
8382	-54.56009	-97.31935	42.75926	1.059119	0.5746054	0.338638
8388	-51.96702	-96.52086	44.55383	0.2300045	0.1319428	0.7557752
8394	-51.38555	-96.18123	44.79568	0.08655823	0.1319428	0.5023633
8400	-56.33025	-99.96474	43.63449	0.3694305	0.3569837	0.955269
8406	-50.05137	-93.32531	43.27394	0.8728485	0.4163798	0.5400475
8412	-54.2698	-96.16812	41.89832	0.7130615	1.981726	0.4162849
8418	-54.36726	-96.90955	42.54229	0.7266931	1.089837	0.5873818
8424	-52.02362	-94.46979	42.44617	0.6908378	1.089837	0.2763288
8430	-50.24847	-93.42028	43.17181	0.7938444	0.4861062	0.3458865
8436	-49.02973	-91.84123	42.81151	0.7938444	0.6707251	0.2775276
8442	-50.40903	-91.93992	41.53089	0.9452398	1.633591	0.1825683
8448	-50.05911	-93.71147	43.65237	0.04851055	0.6356073	0.7525819
8454	-52.65562	-96.38491	43.72929	0.1604945	0.5713041	0.4841964
8460	-53.28991	-95.71473	42.42482	0.1138166	2.135871	0.4916992
8466	-56.76414	-98.62868	41.86454	0.3557644	2.260483	0.9420008
8472	-50.45198	-92.56112	42.10914	0.6795152	1.644932	0.3552152
8478	-50.74897	-93.43901	42.69004	0.5029608	1.143022	0.6565778
8484	-49.58581	-93.23658	43.65077	0.1189935	0.6250212	0.6597249
8490	-54.83423	-99.10297	44.26874	0.2263773	0.2131655	0.7886203
8496	-53.21804	-95.85268	42.63463	0.5205478	0.9136984	0.9968329
8502	-56.65812	-100.1694	43.51126	0.07627331	0.7991578	0.5030077
8508	-53.25574	-95.35128	42.09554	0.1275529	2.183	0.9826497
8514	-55.46515	-98.90257	43.43742	1.197111	0.1981086	0.3936915
8520	-53.06225	-96.35806	43.2958	0.2817944	0.7593725	0.6898417
8526	-50.62333	-93.97568	43.35235	0.0416736	0.7400021	0.9576086
8532	-50.89607	-93.53617	42.6401	0.8301037	0.7716416	0.8263232
8538	-50.96303	-94.05501	43.09198	0.0751836	1.053235	0.8263232
8544	-54.38101	-97.6505	43.26949	0.298093	0.7889748	0.6374965
8550	-52.95609	-96.82502	43.86892	0.07786846	0.4003964	0.9234836
8556	-54.62565	-96.79872	42.17306	0.1266872	2.111363	0.9442738
8562	-52.79858	-95.6505	42.85191	1.051746	0.5498799	0.6048444
8568	-53.39332	-94.79181	41.39848	0.2071101	3.798881	0.8937225
8574	-54.68508	-97.17338	42.4883	0.3148514	1.672308	0.4082387
8580	-48.35638	-91.77018	43.4138	0.7525161	0.2733041	0.2090394
8586	-54.61842	-96.87512	42.2567	1.109412	1.00335	0.4906574
8592	-51.67548	-95.37787	43.7024	0.3197749	0.454242	0.6915103
8598	-51.7607	-93.61069	41.84999	0.3884756	2.703208	0.5854164
8604	-48.90636	-92.60193	43.69558	0.3235538	0.4823666	0.5854164
8610	-55.18145	-98.72531	43.54386	0.3128281	0.4823666	0.2591164
8616	-53.43054	-95.49811	42.06757	0.6543188	1.818271	0.5526316
8622	-48.61785	-90.22514	41.60729	0.5922591	2.816158	0.5191417
8628	-49.77082	-92.58603	42.81522	0.477537	0.9137686	0.8459441
8634	-52.38308	-96.71037	44.3273	0.07664047	0.2005788	0.9409564
8640	-51.56967	-94.95276	43.38309	0.7889299	0.3841086	0.6550669
8646	-51.97962	-96.33477	44.35516	0.02876218	0.2558687	0.7817234
8652	-50.16315	-93.91719	43.75404	0.3305069	0.2558687	1.104015
8658	-62.42722	-103.223	40.79576	0.2864725	5.233251	0.9829787
8664	-47.39707	-90.91036	43.51329	0.8816987	0.2816498	0.3700776
8670	-57.20159	-100.5779	43.37631	0.7728213	0.4167308	0.494944
8676	-56.32097	-99.02833	42.70736	0.5034487	1.055391	0.7647423
8682	-55.23772	-96.61216	41.37445	1.053418	2.145722	0.3041149
8688	-58.17352	-98.81088	40.63736	2.246395	0.6566364	0.09115107
8694	-56.03311	-95.297	39.26389	2.246395	0.7010848	0.02129519
8700	-55.09342	-94.24493	39.15151	2.535697	1.225613	0.04621099
8706	-53.40162	-91.72185	38.32023	2.603681	1.930385	0.03482467
8712	-54.94262	-92.87249	37.92987	2.603681	1.578409	0.01812379
8718	-63.17248	-99.70704	36.53456	2.603681	6.217499	0.02660779
8724	-56.37663	-96.34269	39.96607	1.919145	0.5642761	0.02580336
8730	-57.33235	-98.4362	41.10386	1.265585	2.201367	0.2842309
8736	-62.09448	-102.4549	40.36042	0.6063681	6.814281	0.3992989
8742	-56.82482	-97.16759	40.34277	0.2118541	8.762068	0.3511046
8748	-53.64946	-95.06779	41.41833	0.6171603	2.178842	0.1553707
8754	-50.24307	-91.17945	40.93638	1.319459	1.80517	0.1553707
8760	-51.58823	-93.27749	41.68926	1.319459	1.372296	0.3840833
8766	-50.9883	-93.10974	42.12145	1.389209	0.4605045	0.1387849
8772	-52.91713	-95.355	42.43786	1.389209	0.3026205	0.1387849
8778	-59.61719	-103.1989	43.58167	0.8047241	0.2878765	0.6434135
8784	-56.91236	-100.4338	43.52144	0.09797917	0.7672923	0.4458138
8790	-58.31636	-100.2321	41.91578	1.016837	1.460056	0.3706631
8796	-56.72374	-99.60287	42.87913	1.008686	0.5463482	0.3706631
8802	-55.1283	-96.34851	41.22021	0.3761698	4.091881	0.7810811
8808	-52.91935	-97.54669	44.62734	0.159039	0.1252315	0.7882637
8814	-50.52577	-93.14743	42.62166	0.3070592	1.473265	0.6434703
8820	-51.92544	-94.38289	42.45745	0.471263	1.473265	0.6434703
8826	-53.24047	-95.07947	41.83901	0.7588421	1.917959	0.3380568
8832	-49.81571	-92.33824	42.52254	0.338279	1.61601	0.4942555
8838	-47.10224	-91.08847	43.98623	0.05308764	0.4758363	0.5463701
8844	-56.37352	-99.25105	42.87753	0.5614381	0.9259187	0.561054
8850	-55.68926	-99.40161	43.71235	0.1645926	0.4545955	0.8899609
8856	-58.69365	-99.63641	40.94276	0.581545	4.687208	0.4677108
8862	-57.6956	-100.2874	42.59183	0.7303112	0.7080829	1.068691
8868	-50.41547	-93.55858	43.14311	0.6285384	0.6534973	0.5200227
8874	-52.92589	-96.59734	43.67146	0.1196839	0.4678873	0.9581617
8880	-54.22144	-99.01256	44.79112	0.08142153	0.1326336	0.4426477
8886	-54.30846	-96.69074	42.38229	0.4154334	1.659612	0.3818901
8892	-57.96368	-101.3619	43.39826	0.2871806	0.6733147	0.6940871
8898	-57.17607	-99.40682	42.23075	0.2791723	1.559358	1.080814
8904	-60.43596	-104.6488	44.21286	0.5222906	0.1489115	0.7362546
8910	-59.66983	-101.3538	41.68401	0.2901188	1.690761	1.450433
8916	-60.6646	-103.2657	42.60112	0.4300547	1.283801	0.7288456
8922	-60.94125	-102.4016	41.4603	0.3225723	3.305998	0.9000976
8928	-58.83471	-101.7006	42.86588	1.304232	0.3095499	0.2464858
8934	-60.35193	-101.8292	41.47729	1.379431	1.449305	0.2900774
8940	-56.96489	-99.70801	42.74312	0.1635457	0.6489143	1.477913
8946	-55.83942	-98.34219	42.50276	0.3437732	1.014897	1.186017
8952	-53.13136	-94.36397	41.23261	1.610735	0.863592	0.1195056
8958	-55.88123	-95.04048	39.15925	1.449595	6.123363	0.1429103
8964	-62.01066	-104.3549	42.34421	0.67582	1.397582	0.5209575
8970	-54.32562	-95.99311	41.6675	0.67582	2.45612	0.3929848
8976	-56.2765	-97.06918	40.79268	1.105354	2.45612	0.1570621
8982	-55.01723	-99.02362	44.00639	0.6063264	0.1596171	0.2615915
8988	-52.42978	-96.25713	43.82735	0.6121562	0.2735287	0.4148031
8994	-51.98843	-94.19336	42.20494	0.4866709	1.6007	0.2567927
9000	-48.53011	-91.80167	43.27157	0.2448295	0.7424485	0.8131036
9006	-53.05926	-94.87787	41.8186	0.1201424	3.446591	0.468174
9012	-48.20568	-92.34409	44.13841	0.389442	0.2428669	0.5599621
9018	-49.5426	-93.79232	44.24972	0.002330121	0.3336151	0.7020734
9024	-56.83848	-100.5145	43.67602	0.07895272	0.3502187	1.201483
9030	-59.36407	-102.3059	42.9418	0.170334	0.7820164	1.175211
9036	-64.84047	-106.2788	41.43829	0.1892137	2.517648	1.354355
9042	-54.60429	-97.3194	42.71511	0.7968366	0.7721114	0.7696222
9048	-59.96143	-102.4847	42.52329	1.072202	0.7721114	0.6187543
9054	-52.81119	-95.83593	43.02474	0.8203389	0.5193853	0.7946714
9060	-55.79807	-99.17647	43.3784	1.082542	0.1922577	0.2382679
9066	-57.75558	-100.1589	42.40337	1.170021	0.8107784	0.5161668
9072	-58.53129	-99.78744	41.25615	0.7337917	3.233285	0.6420914
9078	-59.84279	-102.9033	43.06051	0.1201621	0.6153189	1.300496
9084	-54.87558	-98.29863	43.42304	0.08641239	0.7990221	0.7247062
9090	-62.11644	-106.4791	44.36269	0.3350591	0.1151924	0.9405274
9096	-61.65179	-104.3932	42.74144	0.4659826	0.9296779	0.9246246
9102	-58.64482	-100.63	41.98516	1.474964	0.6180795	0.1857485
9108	-63.02721	-104.1249	41.0977	0.2820063	4.205181	0.9888218
9114	-57.14832	-100.8542	43.70589	0.4891112	0.3918811	0.5300206
9120	-57.13964	-100.0104	42.87076	0.09853666	1.226796	0.8753831
9126	-58.88967	-103.0166	44.12693	0.1764136	0.2497152	0.9009999
9132	-56.22505	-99.09838	42.87333	0.2735443	0.9854145	0.9278389
9138	-56.55077	-99.31003	42.75926	0.4884112	0.9854145	0.8087701
9144	-63.57096	-107.2961	43.72509	0.06513765	0.6310407	0.5860344
9150	-59.0277	-102.0053	42.97762	0.1200411	1.084345	0.8747572
9156	-55.76698	-99.01735	43.25037	0.5225841	0.6392672	0.4085621
9162	-52.24499	-95.11093	42.86594	0.1656776	1.334174	0.6536128
9168	-54.08472	-96.96651	42.88179	0.1498249	1.334174	0.6536128
9174	-56.2724	-99.47365	43.20125	0.04655828	1.023891	0.3099079
9180	-55.51204	-97.2047	41.69266	1.336028	1.26598	0.3099079
9186	-56.0684	-99.37671	43.30831	1.121906	0.2568385	0.3377904
9192	-57.15803	-99.70685	42.54881	0.7989379	0.9720385	0.6754794
9198	-58.64425	-101.1772	42.53294	0.5708078	1.164194	0.7739108
9204	-57.98564	-101.0115	43.02585	0.5708078	0.7021393	0.7739108
9210	-56.03392	-99.02235	42.98843	0.1839792	0.9084574	0.9851185
9216	-50.863	-94.43748	43.57447	0.2080221	0.6309511	0.6100201
9222	-47.43625	-90.74168	43.30542	0.3558081	0.692117	0.6928244
9228	-48.96044	-92.57968	43.61924	0.08811655	0.692117	0.5862228
9234	-47.94815	-90.59245	42.6443	0.7833425	0.9143975	0.38648
9240	-51.85158	-95.57763	43.72605	0.6423286	0.2709764	0.3134502
9246	-55.99856	-96.75156	40.75299	0.4266665	5.392614	0.8260208
9252	-51.69118	-94.04562	42.35444	0.9188561	1.08102	0.411776
9258	-55.589	-98.41968	42.83068	0.9386324	0.6557519	0.4953105
9264	-57.95531	-100.8066	42.85132	0.2258945	1.072137	0.9111032
9270	-54.99926	-97.69143	42.69217	0.4493716	1.156457	0.3256468
9276	-56.83733	-99.38131	42.54398	0.8141522	0.8848225	0.2850754
9282	-54.99315	-96.81333	41.82018	0.9533829	1.745569	0.5101499
9288	-49.20479	-93.6437	44.43891	0.08149394	0.2481288	0.5101499
9294	-52.50707	-96.16278	43.65571	0.007331108	0.718012	0.6180712
9300	-59.93659	-103.3747	43.4381	0.5653082	0.4988301	0.5254637
9306	-52.59936	-95.92231	43.32295	0.2399668	0.7974559	0.6244804
9312	-56.74991	-99.65209	42.90218	1.162463	0.4387858	0.6631742
9318	-55.08173	-98.1652	43.08346	0.8359555	0.5446731	0.580241
9324	-54.28437	-96.13196	41.84759	0.09238371	3.429414	0.4415129
9330	-57.19479	-99.49005	42.29526	0.3572326	1.656016	0.8638722
9336	-56.2523	-97.96844	41.71615	0.6682034	2.403762	0.4261884
9342	-54.42248	-96.73326	42.31078	0.009988805	2.553125	0.5299808
9348	-52.58741	-94.03199	41.44458	0.7461313	2.553125	0.285221
9354	-64.69297	-107.0277	42.33469	1.565344	0.2239148	0.1170425
9360	-58.4542	-101.7594	43.30519	1.565344	0.0669795	0.2094762
9366	-62.27315	-103.7702	41.49708	1.565344	1.30157	0.3791831
9372	-56.26021	-97.02959	40.76938	1.516452	2.388371	0.2944151
9378	-48.87037	-91.18612	42.31575	0.2403724	2.040157	0.6484865
9384	-52.04922	-94.55798	42.50876	0.1284942	1.895658	0.658592
9390	-52.18286	-95.9079	43.72504	0.3693714	0.4338062	0.6155572
9396	-54.05273	-97.4329	43.38017	0.3096553	0.5501162	0.9227996
9402	-55.30907	-98.74643	43.43737	0.1538006	0.5501162	1.024308
9408	-53.02411	-94.68212	41.65802	0.7967491	2.217964	0.3730985
9414	-60.60141	-102.2879	41.68646	0.7967491	2.194762	0.4000622
9420	-52.23624	-95.38816	43.15192	0.9854453	0.41688	0.42785
9426	-58.21588	-100.1574	41.94148	0.7186486	1.79994	0.7252158
9432	-58.19476	-99.55621	41.36145	0.5086215	2.486604	0.1541616
9438	-52.77966	-96.75904	43.97937	0.1905717	0.4038856	0.4589322
9444	-53.48353	-96.09779	42.61426	1.320412	0.2545261	0.1368793
9450	-52.74931	-96.24511	43.4958	0.3862222	0.5654721	0.598188
9456	-52.29656	-96.15068	43.85411	0.3457853	0.3816145	0.598188
9462	-61.07582	-102.9319	41.85611	1.717592	0.5926256	0.2109399
9468	-63.24206	-101.9351	38.69309	2.435488	2.715547	0.06909476
9474	-56.33405	-100.0043	43.67023	0.2265983	0.5373334	0.6668008
9480	-57.47927	-100.8405	43.36128	0.7776647	0.398091	0.6668008
9486	-49.87659	-93.38624	43.50965	0.6750163	0.398091	0.4992289
9492	-47.85197	-91.21161	43.35965	0.8659587	0.3708633	0.5848943
9498	-47.58277	-91.20014	43.61736	0.2296309	0.5006383	0.8318764
9504	-50.98991	-94.52029	43.53039	0.4628244	0.5006383	0.4377462
9510	-50.34279	-92.60605	42.26326	0.7244277	1.402554	0.3884477
9516	-54.73975	-95.83861	41.09886	1.001498	2.977606	0.3884477
9522	-50.07877	-93.58238	43.50361	0.3863471	0.4320965	0.2324773
9528	-55.20798	-97.04608	41.83809	0.9312151	1.659718	0.3444089
9534	-51.88634	-94.44732	42.56098	0.8208328	0.9858055	0.533062
9540	-55.11315	-97.50461	42.39146	0.7852616	1.204999	0.533062
9546	-51.2496	-94.15607	42.90648	0.0141318	1.475558	0.6573127
9552	-68.41123	-110.9711	42.55991	0.02062832	1.15779	1.296273
9558	-57.69825	-100.1937	42.49544	0.4089435	1.086717	1.071911
9564	-60.57139	-102.8412	42.26979	0.9133504	1.176503	0.4051659
9570	-53.8441	-98.22069	44.37659	0.1040327	0.235021	0.3305189
9576	-51.22001	-94.02333	42.80332	0.7499784	0.8109021	0.405567
9582	-54.85003	-98.79415	43.94412	0.8964747	0.109548	0.2869809
9588	-56.95792	-99.46227	42.50434	0.8964747	0.7523614	0.2271745
9594	-53.12528	-96.89486	43.76959	0.07917398	0.5896946	0.588923
9600	-55.15263	-96.8093	41.65667	0.5250322	2.750903	0.6713317
9606	-57.36156	-100.7904	43.4288	0.580756	0.3385437	0.9896363
9612	-55.41035	-97.49496	42.08461	0.7414811	1.6663	0.513408
9618	-54.59104	-95.90519	41.31415	0.8826244	2.817374	0.4625999
9624	-52.69605	-96.22196	43.5259	0.4102275	0.5395442	0.4625999
9630	-55.19638	-97.44433	42.24795	0.4714572	1.810636	0.5832435
9636	-51.52887	-93.26472	41.73585	0.9959142	1.810636	0.4918653
9642	-52.57724	-93.86707	41.28983	0.7008646	3.305792	0.4537376
9648	-53.61994	-95.50301	41.88308	1.609292	0.6290667	0.2007896
9654	-52.8362	-95.85017	43.01397	0.2351124	1.006811	0.7778265
9660	-53.78907	-97.24008	43.45101	0.402039	0.5743907	0.6387825
9666	-50.97874	-94.9567	43.97796	0.4297525	0.2615122	0.7248116
9672	-52.93439	-95.5115	42.57711	0.2354151	1.103059	1.141778
9678	-59.03725	-100.4947	41.4574	0.2502836	2.989742	1.104844
9684	-55.88725	-97.43712	41.54986	0.4747728	3.130021	0.6576057
9690	-53.60959	-97.2926	43.683	0.2633278	0.4932968	0.7069218
9696	-58.34409	-101.0165	42.67237	0.7596228	0.8762859	0.7069218
9702	-61.25621	-102.1851	40.92884	1.170892	2.982846	0.391313
9708	-59.878	-101.2778	41.39977	1.114557	1.609876	0.1890138
9714	-55.86777	-98.47363	42.60586	0.07193596	1.834115	0.6535442
9720	-50.84584	-94.31357	43.46773	0.001557998	0.8485673	0.3448642
9726	-50.30242	-93.64669	43.34427	0.3707272	0.6691753	0.3772885
9732	-49.70958	-93.50174	43.79216	0.7469167	0.2199074	0.3480281
9738	-59.13193	-100.2187	41.08677	0.8343693	3.134089	0.817094
9744	-53.62407	-95.74371	42.11964	0.9453	1.235753	0.3190018
9750	-56.0659	-99.25641	43.19051	1.090619	0.181194	0.166664
9756	-57.37528	-100.0669	42.69159	1.334275	0.403063	0.2741532
9762	-57.25445	-101.2777	44.02323	0.4148306	0.2153826	0.2609064
9768	-55.49866	-99.38496	43.8863	0.6868908	0.2240144	0.4244318
9774	-51.60954	-94.49167	42.88212	0.5822221	0.908513	0.5065831
9780	-55.19053	-97.79383	42.6033	0.1412585	1.790361	0.5115141
9786	-58.97681	-101.8564	42.87956	0.4224779	1.06122	0.5648015
9792	-53.97685	-96.78143	42.80458	0.7582748	0.8114958	0.4319276
9798	-58.25447	-100.958	42.70358	1.168173	0.5197209	0.30937
9906	-20966.65	-402.259	-20564.4	6.607815	226.9791	10301.49
9906	-20966.65	-402.259	-20564.4	6.607815	226.9791	10301.49
9906	-20966.65	-402.259	-20564.4	6.607815	226.9791	10301.49
9906	-20966.65	-402.259	-20564.4	6.607815	226.9791	10301.49
9906	-20966.65	-402.259	-20564.4	6.607815	226.9791	10301.49
