Iteration	Posterior	Likelihood	Prior	rate_log_sd	rate_loss	tree_length
0	-59.77951	-100.5994	40.81989	1.45865	0.9849418	0.06998972
6	-53.80784	-96.41216	42.60432	0.05431691	1.8581	0.3666997
12	-54.0444	-98.32581	44.28141	0.01142001	0.1695269	1.141795
18	-48.45447	-92.551	44.09654	0.1316738	0.3693184	0.5867124
24	-49.90425	-93.21731	43.31306	0.14512	0.9017871	0.5867124
30	-54.14954	-97.07563	42.92609	0.01197886	1.445268	0.6680009
36	-48.41023	-92.57028	44.16005	0.0002007295	0.3421613	0.8106721
42	-54.89711	-98.05103	43.15392	0.01117933	1.06813	0.8106721
48	-56.37794	-101.1151	44.73717	0.02971099	0.1627361	0.4458586
54	-58.56856	-102.0936	43.52509	0.4724314	0.499913	0.4500301
60	-61.26121	-101.92	40.65882	0.2968317	6.835519	0.3872632
66	-50.45348	-93.81432	43.36083	0.990153	0.31472	0.4406327
72	-57.09743	-99.58581	42.48838	0.3717875	1.304425	0.9250712
78	-55.15987	-97.2948	42.13493	0.1114536	2.696345	0.5675363
84	-56.25333	-97.83618	41.58286	1.065668	1.688377	0.2660327
90	-63.82552	-106.3056	42.48006	0.01212895	1.823595	0.9214074
96	-61.10249	-104.4657	43.36325	0.05911469	0.6162201	1.091335
102	-64.92884	-104.6133	39.68448	1.230639	7.060379	0.6137298
108	-59.25607	-100.7962	41.54015	1.230639	1.646418	0.3363308
114	-57.74274	-100.6574	42.91469	1.00078	0.5286288	0.3703752
120	-70.39305	-113.0776	42.6845	0.8764137	0.3497999	1.36145
126	-64.26611	-106.6964	42.43034	0.09218125	1.132011	1.36145
132	-65.35363	-107.4631	42.10951	0.8207066	1.393809	0.7485904
138	-66.25692	-108.4785	42.22158	0.2144848	1.469963	1.204494
144	-56.97409	-101.2375	44.26343	0.4570112	0.17885	0.4936198
150	-59.09223	-102.5821	43.48989	0.2913694	0.6439649	0.5476486
156	-66.25126	-111.2019	44.95066	0.02900869	0.09250067	0.6975593
162	-67.03688	-110.3954	43.35856	1.03473	0.298281	0.4614263
168	-67.12738	-110.2804	43.15305	0.3924863	0.5666763	1.043955
174	-59.83289	-103.2884	43.45552	0.4305072	0.5720762	0.4616195
180	-63.70935	-106.5808	42.87147	0.2468009	1.069251	0.8673335
186	-64.99263	-107.5553	42.56265	0.07473981	1.84941	0.711319
192	-62.30353	-104.3738	42.07024	0.1389818	2.603781	0.7415672
198	-58.49819	-100.7534	42.25524	0.5683327	1.342274	0.9315578
204	-59.77483	-101.6021	41.82723	0.3459903	2.843098	0.5918341
210	-52.47219	-95.20561	42.73342	0.3840717	1.276243	0.5201163
216	-57.87146	-101.281	43.40954	0.1078867	0.8345062	0.6303607
222	-59.11582	-101.3189	42.20304	0.2578203	2.168528	0.6934567
228	-63.90848	-104.4791	40.57067	0.8628883	4.800216	0.6934567
234	-62.29063	-104.3087	42.01811	1.150871	1.151718	0.3497315
240	-65.12334	-107.5034	42.3801	1.034727	0.7902642	0.8666486
246	-60.18068	-101.8187	41.63802	1.034727	1.752724	0.311382
252	-71.41645	-112.3083	40.89188	0.9704679	3.644915	0.5509703
258	-76.63027	-118.5305	41.90023	0.9704679	1.596418	0.4575313
264	-60.60711	-103.126	42.51888	2.022541	0.05135781	0.1156521
270	-59.31631	-102.9135	43.59716	0.7210214	0.2077073	1.007453
276	-55.04948	-98.68892	43.63945	0.5916356	0.3242617	0.7671396
282	-56.30929	-99.68649	43.3772	0.228549	0.6139029	0.9109841
288	-58.79491	-101.7571	42.96222	0.6068927	0.8133615	0.4708573
294	-53.31523	-94.92449	41.60926	0.7566585	2.310187	0.3269074
300	-52.69598	-95.44952	42.75354	0.1228152	1.511628	0.691515
306	-52.44864	-95.49023	43.04158	0.4901333	0.5808694	0.1910226
312	-50.65983	-92.86125	42.20142	0.566838	1.744783	0.5569002
318	-51.89013	-96.09995	44.20982	0.107215	0.2682532	0.2724779
324	-54.52477	-96.70528	42.18051	0.4924613	1.900741	0.4630943
330	-60.93949	-103.7865	42.84703	0.3212232	1.14327	0.3404343
336	-53.77141	-97.72931	43.9579	0.1000948	0.4596099	0.4223384
342	-61.29967	-102.9143	41.61466	0.03538846	3.420732	0.9937913
348	-57.93079	-101.2778	43.34706	0.4940371	0.3679267	1.092554
354	-56.01337	-98.36598	42.35261	0.05046184	1.85614	0.9933777
360	-59.34075	-101.5066	42.1659	0.2054715	2.064625	0.894819
366	-59.72648	-101.8038	42.07734	0.2646934	2.36933	0.7144284
372	-67.76334	-108.1672	40.4039	0.4676376	7.370903	0.4706582
378	-69.74567	-108.1475	38.40186	2.026932	8.687863	0.2492366
384	-57.63928	-97.39507	39.75578	1.239589	5.126383	0.1733605
390	-61.00699	-99.09945	38.09246	1.239589	16.35196	0.2175823
396	-57.41729	-96.16943	38.75214	2.16932	2.90529	0.06005494
402	-53.83125	-95.35687	41.52561	1.180274	1.812744	0.396987
408	-51.83435	-95.07821	43.24386	0.3510359	0.6430399	0.8767885
414	-54.41592	-97.37698	42.96105	0.3689184	0.8871472	0.8355488
420	-56.18615	-98.07801	41.89185	0.7252043	1.99167	0.5476509
426	-59.62551	-99.91805	40.29254	0.6029123	7.168741	0.6052776
432	-50.84798	-93.7522	42.90422	0.4777395	0.9462738	0.3680092
438	-56.48941	-97.55743	41.06802	0.4317652	3.761876	1.018487
444	-51.75803	-93.70825	41.95022	0.3049678	2.691648	0.4710735
450	-56.66253	-96.28291	39.62038	0.8078109	9.179088	0.3004949
456	-61.80057	-101.9098	40.10922	0.3189712	9.179088	0.3004949
462	-55.71429	-98.89245	43.17816	0.399053	0.7104648	0.7860025
468	-53.23583	-96.18848	42.95265	0.1721094	1.262591	0.5512178
474	-52.71806	-95.40185	42.68379	0.3185154	1.403228	0.5890903
480	-51.31021	-94.89618	43.58597	0.365797	0.4464045	0.8171565
486	-52.55321	-95.54579	42.99258	0.1048818	1.281086	0.4138656
492	-56.81021	-100.4317	43.62151	0.04703053	0.5626418	0.9250536
498	-56.48728	-97.64404	41.15676	0.6563743	3.443279	0.7986508
504	-50.98193	-95.21234	44.23041	0.09344022	0.3094478	0.3622572
510	-56.86133	-100.7187	43.85736	0.5152349	0.1924551	0.9986396
516	-52.10365	-95.36164	43.25798	0.3797196	0.6068906	0.8863136
522	-50.18344	-92.91188	42.72844	1.09837	0.6068906	0.4292789
528	-46.98192	-91.58144	44.59953	0.09000146	0.1816285	0.6128401
534	-48.55748	-91.13263	42.57516	0.59576	1.208048	0.4505124
540	-55.7177	-98.14302	42.42533	0.3247004	1.674239	0.3344191
546	-55.67619	-97.24448	41.5683	1.370741	1.084274	0.1896061
552	-56.00303	-99.02955	43.02652	1.370741	0.1269452	0.1500241
558	-58.09291	-100.6665	42.57363	1.243714	0.4392207	0.2089447
564	-58.68456	-102.0419	43.35738	0.4335218	0.4342537	1.018859
570	-60.61824	-103.3479	42.72967	0.4345761	0.8848219	1.018859
576	-64.56724	-107.5608	42.99354	0.03236428	0.7631455	1.267582
582	-55.22874	-98.42215	43.1934	0.03972307	0.6153774	1.257366
588	-61.97018	-104.0015	42.03131	0.4091414	2.028271	0.8378748
594	-62.07899	-104.6665	42.58754	0.2012179	1.61329	0.7177864
600	-56.85861	-98.75059	41.89198	1.076737	1.465942	0.4917338
606	-53.42062	-95.99012	42.5695	0.336369	1.465942	0.6990518
612	-55.02035	-96.82549	41.80514	0.4224337	2.651674	0.6713021
618	-56.2506	-99.47087	43.22027	0.2240466	0.88284	0.6713021
624	-61.57756	-103.9064	42.32888	0.6687438	1.369722	0.6654262
630	-54.8599	-97.64762	42.78772	0.06232514	1.518443	0.7276716
636	-64.04908	-104.9345	40.88542	0.6907747	4.399198	0.3749806
642	-60.7354	-103.7839	43.04853	0.1434022	1.026602	0.8277129
648	-62.24923	-104.6365	42.3873	0.1294671	1.447197	1.149182
654	-58.31785	-101.964	43.64617	0.9058316	0.2357886	0.4729623
660	-60.40901	-102.6828	42.2738	0.7811438	1.311108	0.3796673
666	-65.21196	-109.2534	44.04146	0.8510451	0.1249408	0.4150887
672	-55.25054	-99.45823	44.20769	0.6122419	0.1480901	0.4584405
678	-55.9903	-99.38263	43.39234	0.77708	0.3832629	0.3655745
684	-57.22332	-99.36952	42.14619	0.9411539	1.08365	0.2460624
690	-57.33439	-101.244	43.90959	0.2019778	0.4221011	0.6268133
696	-63.34967	-105.3963	42.04659	0.5592304	1.34669	1.13935
702	-65.4547	-107.8679	42.41321	1.050447	0.8020375	0.7871647
708	-58.30743	-101.1685	42.86109	0.7428886	0.6762348	0.8102224
714	-65.31541	-106.638	41.32256	0.2060286	4.255712	0.800805
720	-56.26932	-99.50927	43.23995	0.6583826	0.4883391	0.7917162
726	-57.13359	-100.0911	42.9575	0.6583826	0.7698487	0.5604426
732	-60.16182	-101.9048	41.74299	0.7390506	2.239323	0.4903668
738	-58.39338	-100.4388	42.04541	0.5298487	1.909707	0.7508624
744	-56.80859	-99.91792	43.10933	0.5333531	0.7291068	0.3866093
750	-55.38136	-98.72851	43.34715	0.2560024	0.7608422	0.6337979
756	-52.95146	-96.10407	43.1526	0.7228567	0.5455868	0.3529493
762	-53.98767	-96.38003	42.39236	0.386113	1.680117	0.3735672
768	-55.65616	-98.70972	43.05357	0.01250152	1.305099	0.3900593
774	-57.02727	-100.6567	43.62946	0.3666271	0.4940696	0.5963762
780	-63.06604	-103.651	40.58492	1.378005	2.142501	0.136336
786	-59.77547	-101.7888	42.01337	1.378005	0.8433005	0.276708
792	-55.49462	-98.37925	42.88463	1.045298	0.5347104	0.597185
798	-54.45057	-97.66098	43.21041	0.5032338	0.6792143	0.6179634
804	-53.85151	-96.34641	42.4949	1.039911	0.8404521	0.5509632
810	-54.34082	-96.82675	42.48593	0.1992603	1.545269	0.9148792
816	-47.76122	-90.885	43.12378	0.1448571	1.004834	0.7524518
822	-45.80061	-89.42771	43.6271	0.3401784	0.4967952	0.3704944
828	-51.34717	-94.6833	43.33613	0.1528964	0.685115	0.9315933
834	-55.12142	-96.54557	41.42416	0.2922299	3.401606	0.9324105
840	-54.377	-95.65265	41.27565	0.4084092	4.178279	0.5071194
846	-55.97591	-99.14297	43.16706	0.1095908	0.6199345	1.215375
852	-55.24581	-96.85543	41.60962	0.5404498	2.634949	0.8044741
858	-52.2189	-95.05529	42.83639	0.3050609	1.151801	0.3217216
864	-50.37629	-93.81739	43.4411	0.09143055	0.843936	0.461135
870	-48.87098	-92.77165	43.90067	0.1144765	0.4756992	0.6289528
876	-51.56259	-93.01409	41.45149	0.7603225	2.727783	0.6289528
882	-52.05688	-95.95602	43.89913	0.4298046	0.2449979	0.8860377
888	-56.12139	-98.77327	42.65188	0.1728273	1.659828	0.4467072
894	-59.36084	-102.4469	43.08604	0.6397168	0.5155944	0.9429141
900	-59.72833	-103.92	44.19165	0.1672241	0.314603	0.5041836
906	-61.92157	-106.0954	44.17388	0.07216639	0.314603	0.7765759
912	-55.63056	-99.53973	43.90917	0.6046341	0.2335466	0.6669778
918	-55.57129	-100.0428	44.4715	0.7685943	0.05002207	0.5421313
924	-47.55028	-91.65029	44.10001	0.1510601	0.3439046	0.6624055
930	-48.28549	-91.04124	42.75575	0.718811	0.8986314	0.5164976
936	-53.77753	-97.5687	43.79117	0.7263927	0.224929	0.3398523
942	-51.0205	-94.05344	43.03294	0.6768995	0.6998554	0.4807569
948	-51.53019	-95.18296	43.65278	0.8178265	0.2625171	0.5846038
954	-53.69739	-97.02601	43.32862	0.08837301	0.928515	0.3942488
960	-51.3096	-95.25714	43.94754	0.5800329	0.2393939	0.4152509
966	-51.41324	-95.22707	43.81383	0.6093498	0.2847453	0.5536545
972	-48.80054	-92.67785	43.87731	0.03195597	0.5106588	0.3295626
978	-49.43806	-93.91314	44.47509	0.1680016	0.2036622	0.5260833
984	-54.96381	-97.84903	42.88522	0.7113574	0.7665502	0.3871836
990	-53.31755	-95.65445	42.3369	0.7420951	1.208584	0.3110902
996	-53.03109	-97.39949	44.3684	0.2061643	0.1841972	0.7987637
1002	-53.1232	-96.19973	43.07653	0.7807576	0.56931	0.3775419
1008	-52.92618	-96.84319	43.91701	0.4788633	0.2812478	0.3699553
1014	-52.84584	-96.7533	43.90745	0.2678182	0.3950551	0.4176152
1020	-57.45393	-100.1869	42.73299	0.3927213	1.234963	0.626142
1026	-68.36028	-110.0641	41.70378	1.144538	1.594509	0.391642
1032	-64.73739	-108.2806	43.54319	0.9132016	0.2733321	0.5030872
1038	-61.29395	-104.2975	43.00358	1.041973	0.4420348	0.349449
1044	-60.04068	-103.7183	43.67763	0.8216519	0.2115245	0.2918062
1050	-56.19138	-97.88003	41.68864	1.236365	1.222773	0.2291845
1056	-64.15956	-105.9538	41.79426	0.4558822	2.441817	0.7961577
1062	-64.42246	-107.414	42.99157	0.1028832	1.234965	0.6911993
1068	-62.98089	-106.7756	43.79467	0.1347633	0.5306176	0.6169457
1074	-65.31625	-106.8653	41.549	0.4001585	2.596746	1.044573
1080	-59.78486	-101.8451	42.06029	0.9314834	1.394577	0.3848639
1086	-60.06865	-102.872	42.80331	0.9314834	0.5874183	0.8019772
1092	-60.28551	-103.9959	43.71038	0.2482677	0.4768207	0.7323339
1098	-58.66198	-101.526	42.86405	0.2482677	1.068828	0.874783
1104	-54.3482	-97.78112	43.43292	0.5260558	0.501354	0.3694114
1110	-48.07059	-91.41418	43.34359	0.3053437	0.6890831	0.7206661
1116	-49.37663	-92.63513	43.2585	0.7644252	0.4537521	0.3474794
1122	-53.03981	-94.62374	41.58393	0.7307677	2.438484	0.3415189
1128	-55.80875	-99.34741	43.53867	1.030019	0.2298283	0.5238884
1134	-51.33572	-94.73448	43.39876	0.7287923	0.4052096	0.3667488
1140	-50.07316	-93.87599	43.80283	0.315904	0.4315759	0.4626034
1146	-51.5485	-95.26982	43.72132	0.01740307	0.6281277	0.7092511
1152	-63.00427	-106.0026	42.99828	0.05394163	1.134108	0.8740716
1158	-60.95758	-104.6615	43.70389	1.005477	0.1806971	0.5532087
1164	-64.66081	-107.9547	43.29386	0.3712059	0.5779906	0.9033592
1170	-60.10723	-103.568	43.46079	0.1794776	0.5779906	0.9306237
1176	-56.45984	-99.35635	42.89651	0.00680045	1.323464	0.8583035
1182	-53.67484	-96.29666	42.62183	0.4696628	1.208649	0.7340853
1188	-54.87538	-97.38372	42.50833	0.4696628	1.345139	0.7340853
1194	-60.0477	-102.9586	42.91086	0.06460265	1.288515	0.8035266
1200	-57.27362	-99.82948	42.55586	1.216517	0.6332669	0.3907688
1206	-66.17297	-108.5203	42.34732	0.546974	1.560074	0.5562206
1212	-60.45345	-103.0201	42.56666	1.614482	0.2470394	0.1916219
1218	-60.96992	-100.9093	39.93935	1.968748	1.891159	0.1046084
1224	-57.40256	-97.65818	40.25562	1.593734	2.041451	0.1087637
1230	-56.30891	-97.95565	41.64674	1.593734	0.6987138	0.1571724
1236	-53.98469	-97.68817	43.70348	0.894222	0.2151277	0.5862055
1242	-54.73015	-97.53913	42.80898	0.894222	0.7001899	0.4432943
1248	-59.23336	-101.0261	41.79279	0.2483703	3.132535	0.3989712
1254	-54.9271	-98.80608	43.87898	0.247677	0.4229893	0.577316
1260	-53.09118	-96.3586	43.26742	0.417319	0.703205	0.6109791
1266	-57.91907	-100.5732	42.65411	1.77524	0.2335106	0.2861756
1272	-56.41734	-99.78809	43.37075	0.2172762	0.6495719	0.8742984
1278	-59.94312	-102.8377	42.8946	1.356239	0.3647455	0.5102156
1284	-59.0403	-100.9708	41.93053	0.541203	2.081354	0.7547418
1290	-54.86037	-98.03331	43.17294	0.35145	0.8020359	0.3464585
1296	-55.12819	-97.07271	41.94451	0.6443333	1.873404	0.3054074
1302	-60.43358	-101.968	41.53442	0.3251281	2.481431	1.177106
1308	-57.29276	-99.69432	42.40155	0.1414401	2.099207	0.5959319
1314	-58.2509	-99.81339	41.56249	0.4551722	3.246324	0.5241473
1320	-56.90114	-100.6981	43.79695	0.6884972	0.221152	0.3017626
1326	-57.20816	-99.34797	42.13982	1.379304	0.8580739	0.518273
1332	-55.23907	-98.92543	43.68636	0.6305079	0.2220349	0.9671919
1338	-50.80191	-93.60022	42.79832	0.01870574	1.601042	0.6832924
1344	-50.23721	-92.79807	42.56086	0.1099902	1.865815	0.6240203
1350	-54.57035	-98.35879	43.78844	0.2941396	0.4385175	0.6240203
1356	-54.85871	-98.97897	44.12026	0.5537427	0.1713671	0.33483
1362	-61.94767	-102.4852	40.53748	0.8310559	4.575381	0.250903
1368	-59.99369	-101.9816	41.98795	0.8310559	1.592529	0.3481919
1374	-54.34786	-97.50365	43.1558	0.3270582	0.818968	0.7299116
1380	-58.0883	-101.923	43.83468	0.7702745	0.2107639	0.4095175
1386	-57.42571	-99.47194	42.04623	0.8900973	1.462519	0.3789812
1392	-59.94889	-102.7238	42.77489	0.8243197	0.6968808	0.2967172
1398	-57.43661	-101.0583	43.62168	0.1165467	0.6487738	0.6564941
1404	-58.89674	-101.5292	42.63247	0.8580262	0.8634996	0.3998667
1410	-56.94359	-98.66225	41.71865	1.318492	1.008079	0.1973152
1416	-56.88782	-99.81477	42.92695	0.6114589	0.8415659	0.5005721
1422	-53.90129	-95.92305	42.02176	0.6114589	1.760362	0.2857968
1428	-48.14968	-92.32867	44.17899	0.4338145	0.2118509	0.440614
1434	-54.94835	-96.60537	41.65701	0.06624832	3.534113	0.8683215
1440	-50.52407	-93.19779	42.67372	0.1282882	1.621749	0.6844629
1446	-55.75308	-96.99019	41.23712	0.5100211	3.805815	0.3432144
1452	-54.38933	-95.68427	41.29494	1.122559	2.218902	0.3298026
1458	-56.13731	-98.93072	42.7934	1.122559	0.4862262	0.3008012
1464	-52.43007	-94.33094	41.90087	0.9041814	1.622697	0.3565907
1470	-55.71185	-98.13781	42.42596	0.6698979	1.297016	0.5530622
1476	-57.22089	-99.1477	41.92682	0.6337627	2.038078	0.6412278
1482	-58.50167	-102.3634	43.86177	0.6753401	0.201661	0.7770856
1488	-58.0285	-101.9291	43.90058	1.04127	0.1152324	0.4518545
1494	-57.42949	-98.87407	41.44458	1.131519	1.635005	0.2158682
1500	-55.14302	-99.26193	44.1189	0.5232708	0.2038917	0.528361
1506	-54.79188	-98.79318	44.00129	0.04170614	0.229971	1.2016
1512	-54.71652	-96.89075	42.17423	0.2051633	2.231937	0.7679703
1518	-51.92893	-95.59529	43.66636	0.05861302	0.4709691	1.019716
1524	-57.25193	-99.82391	42.57198	0.3589424	1.091581	1.0424
1530	-53.45593	-96.51675	43.06082	0.137206	0.9743752	0.8832327
1536	-54.17925	-97.6743	43.49505	0.08394271	0.3940273	1.274714
1542	-54.10112	-97.19199	43.09087	0.3369381	0.8582046	0.3151821
1548	-53.10776	-94.95203	41.84426	0.2822192	2.95189	0.5892208
1554	-50.2917	-93.80727	43.51556	0.4885463	0.4639796	0.6932772
1560	-49.28367	-92.03758	42.75391	0.4636881	1.023609	0.798177
1566	-50.8964	-94.06979	43.17339	0.1470665	1.023609	0.6222776
1572	-51.22927	-94.20531	42.97604	0.3299814	1.052577	0.5816604
1578	-48.83946	-92.62941	43.78995	0.2697538	0.4638827	0.455018
1584	-51.14833	-95.06964	43.92131	0.226781	0.39664	0.3724798
1590	-53.27817	-97.25088	43.9727	0.1795666	0.39664	0.6446573
1596	-53.81861	-96.54728	42.72867	1.009198	0.5479973	0.252584
1602	-56.54552	-98.5744	42.02888	1.049083	1.314928	0.4375204
1608	-53.27717	-96.61561	43.33845	0.1221953	0.7926351	0.8061493
1614	-52.59845	-95.41295	42.81451	0.3884614	1.015471	0.8276093
1620	-66.6025	-108.7777	42.17518	0.317668	1.722756	0.9889657
1626	-57.13236	-100.7006	43.5682	0.5635324	0.3740378	0.7587183
1632	-61.89502	-103.0503	41.15532	1.045279	2.68062	0.3445631
1638	-52.45882	-96.01374	43.55493	0.4129902	0.5209476	0.5185416
1644	-50.97818	-94.60091	43.62272	0.08993963	0.6772371	0.6271533
1650	-59.62685	-102.2109	42.5841	0.6315095	0.6772371	1.200206
1656	-57.46997	-98.57195	41.10199	0.04956928	6.08962	0.4591734
1662	-61.75343	-102.5331	40.77967	0.5179393	4.611928	0.9427256
1668	-56.41307	-97.20724	40.79417	0.6672107	4.611928	0.7393155
1674	-51.61762	-93.88566	42.26803	0.4370505	1.845504	0.5509635
1680	-49.03624	-93.5316	44.49536	0.2920287	0.1414069	0.3461174
1686	-48.93707	-92.26421	43.32714	0.3814565	0.6779121	0.3858054
1692	-50.56624	-92.82916	42.26292	0.4930803	1.739692	0.4031439
1698	-61.53818	-103.5002	41.96204	0.3101209	1.787782	0.1565548
1704	-63.8875	-103.7264	39.83889	1.053667	6.913033	0.3291309
1710	-53.03063	-96.06244	43.03181	0.6326851	0.7250027	0.4214926
1716	-52.70603	-96.49032	43.78429	0.831715	0.1533626	0.2520114
1722	-58.59991	-101.7611	43.16119	0.2979562	0.6502928	1.010769
1728	-54.31325	-95.44791	41.13466	0.5491417	4.109202	0.6149238
1734	-51.6425	-93.28033	41.63783	0.261579	3.543943	0.4521997
1740	-51.89424	-93.78808	41.89384	0.2005277	3.059922	0.5164092
1746	-50.99022	-93.38525	42.39503	0.1724881	1.945651	0.7293361
1752	-49.96625	-93.09333	43.12708	0.2304001	0.9349909	0.72561
1758	-51.09645	-91.49256	40.3961	0.8527263	5.270198	0.2980632
1764	-53.54301	-93.58292	40.03991	0.6857283	7.949522	0.3812331
1770	-51.88383	-93.61965	41.73582	0.3312092	2.99169	0.3500101
1776	-53.97842	-94.80591	40.82748	0.8225701	4.282937	0.485206
1782	-68.03951	-108.7225	40.68304	1.045737	4.022496	0.5605194
1788	-63.68439	-105.9193	42.23486	0.1988333	2.231311	0.6806021
1794	-64.36396	-106.2568	41.89287	0.4293618	2.181583	0.8760662
1800	-53.54793	-95.92991	42.38198	0.7513285	1.251594	0.5548709
1806	-58.30844	-101.5508	43.24235	0.286853	0.5514682	1.081333
1812	-48.94629	-92.25598	43.30968	0.6107962	0.5514682	0.4950943
1818	-48.37175	-92.51929	44.14754	0.4589268	0.1402967	0.2264397
1824	-56.57933	-97.32575	40.74642	0.5840408	3.487885	0.1321834
1830	-52.5298	-94.84623	42.31643	1.172712	0.8649168	0.6150016
1836	-51.71444	-93.53224	41.8178	1.138409	1.054888	0.1863647
1842	-57.43358	-101.0556	43.62197	0.3351477	0.476702	0.7350501
1848	-54.6797	-98.00049	43.32079	0.1762466	0.8418949	0.6571513
1854	-56.45256	-98.27374	41.82117	1.111411	1.088081	0.1887319
1860	-49.7969	-94.54055	44.74365	0.05687097	0.1335296	0.3297134
1866	-53.9091	-96.27765	42.36854	0.0934745	2.275714	0.5203151
1872	-49.65306	-92.65489	43.00183	0.4477899	0.8304215	0.3071907
1878	-51.39498	-95.23157	43.83659	0.64487	0.2632894	0.4944365
1884	-50.41359	-92.87311	42.45952	0.06510207	2.111211	0.6277068
1890	-53.54591	-96.47993	42.93403	0.2742488	1.1709	0.5156323
1896	-60.97587	-103.9664	42.99053	0.9852953	0.498269	0.6321121
1902	-55.8462	-98.04201	42.19581	0.03159147	2.329215	0.8944956
1908	-55.35728	-96.72588	41.3686	0.5581579	2.801915	0.9726512
1914	-57.14555	-99.13747	41.99192	0.214178	2.801915	0.5166797
1920	-58.0897	-99.28945	41.19975	0.2517959	3.241231	1.237933
1926	-56.1767	-98.50457	42.32787	0.4317741	1.745041	0.4196987
1932	-58.16152	-102.1665	44.00497	0.2390188	0.344808	0.6726812
1938	-54.29766	-97.59652	43.29885	0.6669668	0.4795975	0.3343355
1944	-50.42646	-93.24714	42.82068	0.8092712	0.5525187	0.2094749
1950	-50.03139	-92.67094	42.63955	0.1475026	1.723397	0.4753517
1956	-57.36362	-99.21763	41.85401	0.007989782	3.619744	0.4199439
1962	-56.39586	-98.40187	42.006	0.3067577	2.340523	0.7811052
1968	-57.47036	-101.6901	44.21972	0.2411006	0.2705514	0.5360555
1974	-54.1834	-97.22652	43.04313	0.341932	0.9397875	0.3630124
1980	-53.0281	-94.53888	41.51078	0.5084677	2.948833	0.7903092
1986	-50.65155	-92.12023	41.46868	0.6196592	3.048237	0.4281043
1992	-50.3604	-93.74403	43.38362	0.485498	0.5763598	0.4220406
1998	-49.29794	-90.91163	41.61369	0.5244505	2.847676	0.3605203
2004	-47.71797	-91.37175	43.65378	0.02573158	0.7218814	0.537948
2010	-50.29813	-93.1683	42.87017	0.1911252	1.290254	0.6661419
2016	-52.91193	-96.00691	43.09498	0.7224209	0.5781762	0.3433151
2022	-50.43428	-92.60951	42.17523	0.7736623	1.452547	0.387304
2028	-55.00403	-97.59819	42.59415	0.4925449	1.288761	0.6101759
2034	-62.24033	-104.8166	42.57622	0.4636547	1.288761	0.7077771
2040	-58.3048	-100.3568	42.05198	0.7626423	1.32721	0.953976
2046	-55.35372	-99.92718	44.57346	0.17258	0.149823	0.7135479
2052	-50.58651	-92.65821	42.0717	0.9720979	1.020773	0.2037472
2058	-56.75874	-99.92121	43.16247	1.180556	0.2315642	0.2363458
2064	-58.71934	-100.8792	42.15983	1.180556	0.9878737	0.3695379
2070	-59.979	-101.8262	41.84723	0.9355352	1.640557	0.3448435
2076	-58.96985	-100.8713	41.90147	0.8092015	1.58319	0.8545539
2082	-59.79377	-100.4163	40.62249	0.7399444	5.209481	0.4152781
2088	-49.80389	-93.62327	43.81938	0.2482116	0.4532739	0.5918183
2094	-50.82167	-93.88039	43.05872	0.2423499	1.070331	0.5033467
2100	-54.0106	-96.44348	42.43288	0.6899973	1.070331	0.2576988
2106	-55.59069	-99.48136	43.89066	0.2673015	0.3721169	0.7244002
2112	-55.0905	-98.37012	43.27962	0.286039	0.6708864	0.8665868
2118	-49.07601	-92.55893	43.48292	0.1254352	0.7660254	0.4088923
2124	-50.1417	-92.82793	42.68622	0.5881476	1.094194	0.547433
2130	-50.02221	-92.45918	42.43697	0.721779	1.194762	0.6302343
2136	-48.41615	-91.15199	42.73583	0.4115209	1.194762	0.3710413
2142	-51.95443	-94.02282	42.06839	0.5247939	1.93003	0.7023406
2148	-47.75932	-90.7482	42.98888	0.2019432	0.937452	0.9337293
2154	-45.56811	-89.97794	44.40984	0.03854819	0.2713076	0.5851488
2160	-54.81327	-96.26602	41.45275	0.8116322	2.646804	0.5866186
2166	-55.3864	-98.55256	43.16616	0.3176876	0.7620137	0.8238873
2172	-50.14301	-93.59898	43.45597	0.1750877	0.7620137	0.5242161
2178	-49.65669	-92.10223	42.44555	0.5424677	1.420421	0.5925504
2184	-54.75493	-97.70653	42.95161	0.9397393	0.5658761	0.562175
2190	-50.47194	-94.15477	43.68283	0.6325522	0.3256145	0.6036794
2196	-47.4216	-90.44284	43.02124	0.4389117	0.8270113	0.7505694
2202	-47.33595	-90.36626	43.0303	0.3402087	0.9982273	0.4790961
2208	-52.55712	-94.72649	42.16937	1.215819	0.9829954	0.4725509
2214	-51.79208	-95.88785	44.09577	0.4424808	0.2211553	0.6859169
2220	-53.83676	-96.97775	43.14099	0.7385583	0.5461908	0.6735753
2226	-57.58218	-102.3426	44.76039	0.1415825	0.1065105	0.7279035
2232	-52.26599	-95.67502	43.40903	0.01548448	0.8828526	0.7073479
2238	-56.01646	-99.08994	43.07348	0.3510324	0.8828526	0.7073479
2244	-53.93073	-96.61098	42.68026	0.8881558	0.8045884	0.4243811
2250	-54.71175	-96.34477	41.63302	1.45932	0.6674518	0.1209464
2256	-56.96978	-99.22645	42.25667	1.11079	0.5116214	0.1284083
2262	-55.40058	-97.0103	41.60972	1.392851	1.17442	0.2451413
2268	-56.30935	-98.84845	42.5391	0.4745662	1.251203	0.7940896
2274	-59.3978	-100.9016	41.50381	0.7812424	2.490567	0.7077002
2280	-53.63201	-97.65855	44.02654	0.1015379	0.4261398	0.4587601
2286	-57.29163	-100.7716	43.47999	0.04193655	0.6385539	0.9635767
2292	-55.74467	-98.97925	43.23458	0.04329883	0.9599361	0.8032467
2298	-58.9811	-101.9736	42.99248	0.04716204	1.053833	0.9698991
2304	-57.49532	-100.8624	43.36713	1.016396	0.3034805	0.4801301
2310	-60.16148	-102.511	42.3495	0.2021285	1.887832	0.8028117
2316	-52.68843	-96.57241	43.88398	0.06528784	0.5232552	0.4167652
2322	-48.68927	-93.30606	44.61678	0.1359383	0.1685145	0.4751857
2328	-54.41969	-96.63604	42.21635	0.1725622	2.345446	0.6495127
2334	-56.89701	-101.1769	44.27992	0.02396727	0.3269662	0.3918284
2340	-57.22458	-100.6029	43.37836	0.1195552	0.789559	0.759615
2346	-54.74088	-97.48327	42.7424	0.5642419	1.031046	0.3834346
2352	-56.09841	-99.92293	43.82452	0.2309515	0.4117833	0.7625264
2358	-55.53997	-98.69839	43.15842	0.0417228	0.7524602	1.129244
2364	-58.38588	-101.4515	43.06561	0.658181	0.6623128	0.6478486
2370	-63.00173	-105.4946	42.4929	0.7771836	1.084882	0.5987278
2376	-65.02827	-109.0112	43.98297	0.7771836	0.1236	0.8307865
2382	-60.17288	-103.8275	43.65461	0.70186	0.3128502	0.5587615
2388	-59.3797	-101.2451	41.86537	0.8209705	1.444046	0.9920887
2394	-51.79311	-94.80407	43.01096	0.9862131	0.4835883	0.3822953
2400	-51.66377	-93.78504	42.12127	0.9862131	1.260509	0.398426
2406	-51.14011	-93.79914	42.65903	0.8480805	0.8430656	0.3880169
2412	-56.14524	-97.61206	41.46682	0.5097716	3.349308	0.529324
2418	-58.7233	-100.7908	42.06745	0.2465807	1.942311	1.02936
2424	-61.6424	-104.2068	42.56439	0.7928185	1.005756	0.4443834
2430	-59.84491	-101.6699	41.82499	1.005342	1.639222	0.419488
2436	-60.2154	-101.9479	41.73249	0.2923972	2.78287	0.8749365
2442	-56.33744	-99.45625	43.11882	0.3083589	0.8839965	0.7005891
2448	-58.22523	-99.4352	41.20997	0.001856361	5.600745	0.7005891
2454	-49.57066	-92.35608	42.78542	0.007379954	1.622104	0.7005891
2460	-50.60277	-94.90542	44.30266	0.06740431	0.3088924	0.5308713
2466	-52.31793	-95.54028	43.22235	0.692979	0.5442652	0.4149107
2472	-54.65212	-96.88175	42.22964	0.08258645	2.027652	0.9810419
2478	-56.67455	-96.93617	40.26162	1.131304	4.591525	0.2665781
2484	-53.79898	-96.08413	42.28515	0.9501217	0.9405145	0.2489664
2490	-53.83919	-96.37314	42.53395	0.7198808	0.998694	0.2953758
2496	-57.03892	-98.00919	40.97026	1.113149	3.084464	0.4753631
2502	-55.16238	-96.3995	41.23712	0.8439314	3.084464	0.4586703
2508	-57.82697	-97.44333	39.61636	1.282369	5.822966	0.1984067
2514	-55.81428	-96.97862	41.16434	1.683034	0.99621	0.1453713
2520	-59.51051	-101.442	41.93154	1.683034	0.3528153	0.1209382
2526	-59.57291	-101.3157	41.74282	1.784117	0.7112196	0.2627188
2532	-57.43081	-99.54315	42.11234	0.6384215	1.532822	0.2627188
2538	-58.42955	-100.1207	41.69111	1.206748	1.532822	0.4025983
2544	-56.37281	-98.28371	41.91089	1.280532	0.9647625	0.2400214
2550	-55.36583	-98.77198	43.40615	0.3906716	0.6146549	0.3874775
2556	-57.15056	-99.11803	41.96747	0.7112125	1.857508	0.6171324
2562	-54.49225	-96.86603	42.37378	0.5778815	1.486695	0.4709101
2568	-62.54637	-103.7524	41.20606	0.3614886	4.371461	0.6846449
2574	-52.48244	-95.89592	43.41348	0.3096134	0.6324379	0.7250699
2580	-51.87405	-94.76495	42.8909	0.3096134	0.904127	0.9610024
2586	-52.91399	-94.96049	42.0465	0.0159339	2.969983	0.7119993
2592	-52.61998	-93.79304	41.17306	0.5255144	3.399647	0.2203012
2598	-51.12934	-93.11406	41.98472	0.6787008	1.914395	0.4560771
2604	-48.83739	-91.67849	42.8411	0.640881	0.8781048	0.4169797
2610	-49.97534	-93.37519	43.39984	0.2820661	0.70753	0.6031454
2616	-54.86654	-97.94106	43.07453	0.5171077	0.772051	0.6286625
2622	-54.21637	-97.69131	43.47494	0.1612516	0.7482683	0.4238625
2628	-54.49542	-97.80242	43.307	0.04125916	0.739986	1.004305
2634	-53.87446	-97.77566	43.90121	0.5254809	0.2762798	0.4013869
2640	-49.63659	-93.28553	43.64894	0.275834	0.5207212	0.3657247
2646	-49.45644	-93.35757	43.90113	0.409455	0.3333383	0.5605216
2652	-49.87779	-93.83146	43.95367	0.1645093	0.3796349	0.7621208
2658	-54.53265	-97.20663	42.67398	1.343783	0.3506375	0.2193717
2664	-57.2687	-98.37861	41.10991	1.33034	1.451844	0.142718
2670	-52.36808	-94.38995	42.02187	1.462296	0.7289787	0.252046
2676	-55.06821	-98.80113	43.73292	1.273039	0.04460211	0.2185621
2682	-51.411	-95.07912	43.66812	1.273039	0.106345	0.369084
2688	-49.14666	-92.02578	42.87912	0.3740365	1.114691	0.445404
2694	-53.70687	-95.96461	42.25774	0.9007978	0.9227561	0.2088538
2700	-47.049	-89.61518	42.56619	0.8516645	0.9227561	0.3849939
2706	-46.93808	-90.67987	43.74179	0.5515734	0.3438157	0.5272921
2712	-55.7104	-98.86051	43.15011	0.8056148	0.3787571	0.2176774
2718	-54.6817	-98.45342	43.77171	0.9182832	0.188425	0.5156132
2724	-62.03559	-104.3889	42.35334	0.07629983	1.763685	1.025179
2730	-59.95923	-103.5599	43.60063	0.4365866	0.4348967	0.7249546
2736	-53.35727	-96.58552	43.22825	0.5617281	0.5859908	0.7249546
2742	-52.26658	-94.26478	41.9982	0.4628518	2.14673	0.7139412
2748	-49.6461	-92.92394	43.27784	0.3424592	0.769153	0.541031
2754	-53.72974	-96.61469	42.88496	0.3356501	1.129025	0.6224281
2760	-54.85468	-96.86782	42.01314	0.1570617	2.750085	0.3463262
2766	-48.16292	-91.10718	42.94426	0.469287	0.9136889	0.3641574
2772	-52.03275	-94.97452	42.94177	0.1690525	1.118971	0.8193935
2778	-51.38285	-95.30158	43.91873	0.2154457	0.3816073	0.3231253
2784	-51.89242	-94.5691	42.67668	0.3747777	1.143407	0.8650496
2790	-53.85054	-95.70139	41.85085	0.739287	2.044725	0.4881402
2796	-56.60137	-98.45689	41.85552	0.2156155	2.264308	1.087292
2802	-61.74756	-105.5535	43.80591	0.09355658	0.329833	1.112783
2808	-63.02799	-106.1214	43.09342	0.2912233	0.6095587	1.13425
2814	-63.99846	-106.5709	42.57242	0.3440791	1.081731	1.06493
2820	-60.58646	-102.6613	42.07484	0.9065799	1.027184	1.053096
2826	-57.86536	-101.2419	43.37653	0.4001121	0.6291957	0.6314278
2832	-51.71698	-94.68866	42.97168	0.3007647	1.096304	0.5472051
2838	-49.83451	-94.38158	44.54706	0.2245347	0.1432032	0.7100737
2844	-56.00868	-99.13662	43.12794	0.4455369	0.6797819	0.842854
2850	-58.80584	-101.3134	42.50757	0.415413	1.518407	0.4424148
2856	-56.65113	-100.4566	43.80546	0.7712606	0.2247301	0.4424148
2862	-57.69277	-98.61219	40.91942	1.458274	1.983127	0.224934
2868	-60.01216	-100.7272	40.71504	0.4366492	6.024127	0.6041257
2874	-51.3345	-92.90722	41.57272	0.6730741	2.714952	0.4864221
2880	-54.5913	-97.4025	42.8112	0.5723188	0.7686597	0.9312385
2886	-49.06978	-92.51788	43.4481	0.1734499	0.7686597	0.5365188
2892	-55.97223	-98.49832	42.52609	0.2633936	1.715526	0.4564796
2898	-53.10084	-96.49101	43.39017	0.1789189	0.4278174	1.229709
2904	-53.30497	-95.58434	42.27937	0.1474648	1.492066	1.198363
2910	-48.00327	-91.57189	43.56863	0.1027002	0.6665515	0.7328715
2916	-48.77031	-91.66336	42.89305	1.161249	0.4315735	0.3381768
2922	-55.47071	-96.83873	41.36802	1.161249	2.038367	0.3408909
2928	-55.64668	-98.02497	42.3783	0.3338046	1.412839	0.9901043
2934	-54.67118	-98.19892	43.52774	0.3079427	0.5114639	0.8237486
2940	-56.17671	-100.1098	43.93309	0.3708076	0.2750644	0.8237486
2946	-60.8056	-102.0957	41.29011	0.9154794	1.717105	1.252633
2952	-58.1005	-99.61887	41.51836	0.4500503	3.35319	0.5673274
2958	-57.73247	-99.43467	41.7022	0.6883103	2.399075	0.5673274
2964	-56.78	-100.1967	43.4167	0.3297659	0.6055772	0.7481463
2970	-53.89692	-96.25667	42.35975	0.9430954	0.9572181	0.3004087
2976	-50.35742	-93.45912	43.1017	0.2829687	0.9572181	0.6289438
2982	-49.00501	-91.38096	42.37596	0.5357653	1.454531	0.3399773
2988	-48.92343	-92.18007	43.25665	0.0776687	1.010777	0.3971601
2994	-58.25885	-100.7175	42.45865	0.1930151	1.512768	0.9754546
3000	-54.98922	-98.15304	43.16381	0.2180223	0.8357524	0.8424563
3006	-62.46198	-103.7866	41.32463	0.1820114	4.744651	0.5393096
3012	-55.82454	-99.64265	43.81811	0.5945814	0.2733315	0.3663504
3018	-63.81289	-103.3829	39.57005	0.8564504	9.706708	0.3971329
3024	-59.15724	-102.6671	43.50983	0.5239938	0.4790639	0.5463082
3030	-59.282	-102.0565	42.77449	0.8860836	0.5504645	0.2197946
3036	-65.4588	-108.5805	43.12169	0.6869429	0.4680916	0.2251797
3042	-58.49663	-101.1298	42.63315	1.460163	0.2233367	0.1520514
3048	-58.32971	-101.1676	42.83793	1.169587	0.3859561	0.2462016
3054	-56.97125	-100.0437	43.07243	0.4634711	0.635116	0.2196301
3060	-56.84131	-99.65586	42.81455	0.4541118	1.044123	0.6893552
3066	-61.51524	-103.7166	42.20137	1.101869	1.044123	0.615
3072	-59.21937	-101.6711	42.45173	1.300948	0.6511619	0.4003883
3078	-60.30772	-102.6599	42.35219	0.06469728	1.920548	0.9380469
3084	-49.99546	-93.70032	43.70486	0.04671243	0.6141939	0.7207377
3090	-57.05653	-99.30968	42.25315	0.6782026	1.328636	0.81838
3096	-56.91854	-99.06719	42.14865	0.6737707	1.662263	0.4441089
3102	-49.43191	-93.0059	43.57399	0.5983802	0.3990091	0.430922
3108	-53.6896	-96.60467	42.91508	0.2658528	1.195723	0.4473683
3114	-52.03213	-94.94081	42.90868	0.6726149	0.7999858	0.5531699
3120	-55.56472	-98.99397	43.42926	0.6726149	0.3809058	0.2958062
3126	-56.13138	-98.89151	42.76013	0.1091616	1.502148	0.715714
3132	-45.84554	-89.10759	43.26205	0.2893662	0.7685905	0.715714
3138	-49.47604	-93.56159	44.08555	0.08851718	0.3955377	0.5934128
3144	-51.01557	-95.29098	44.27541	0.05227146	0.3119685	0.649044
3150	-51.66401	-92.72189	41.05788	1.198838	2.19879	0.2254482
3156	-51.7289	-94.48634	42.75744	1.180293	0.4553419	0.2790925
3162	-53.86035	-97.25927	43.39893	0.4411694	0.6018861	0.4516042
3168	-49.973	-93.09026	43.11726	0.5667916	0.6718628	0.3423015
3174	-55.3976	-98.94995	43.55235	0.5243833	0.4007411	0.7622208
3180	-54.81041	-97.74616	42.93575	0.137947	1.278155	0.6612799
3186	-52.29607	-94.59033	42.29426	0.1475775	2.177942	0.7172507
3192	-51.38801	-92.09982	40.71181	0.6063281	5.208312	0.3452671
3198	-54.11831	-94.7464	40.62809	0.8636208	4.495109	0.3145489
3204	-53.65077	-97.19516	43.54439	0.3408757	0.5350138	0.3451487
3210	-49.0843	-92.4952	43.4109	0.7393354	0.4039529	0.3999926
3216	-47.95682	-90.39068	42.43386	0.4874189	1.4841	0.3805903
3222	-52.21324	-95.81286	43.59962	0.3185781	0.473338	0.7992813
3228	-54.75631	-96.83004	42.07373	0.9389588	1.26889	0.299331
3234	-54.59219	-97.3948	42.80261	0.69093	0.8628894	0.6091678
3240	-55.02311	-98.75288	43.72977	0.588007	0.3331405	0.5037496
3246	-54.63077	-97.52456	42.89379	0.6729829	0.6465945	0.9032806
3252	-56.79505	-99.7011	42.90605	0.4076603	1.056721	0.4863861
3258	-56.26529	-98.3171	42.05181	0.4552802	2.132183	0.6413655
3264	-56.54163	-98.92676	42.38513	0.4549617	1.628836	0.5812613
3270	-55.54243	-98.53114	42.9887	0.7025665	0.6967644	0.3995732
3276	-59.11807	-101.8366	42.71851	0.9490801	0.7150714	0.3995732
3282	-69.50685	-110.9736	41.46673	0.9490801	1.841239	0.9899039
3288	-70.82599	-114.6463	43.82029	0.856415	0.1927422	0.5160054
3294	-67.33275	-110.7468	43.41403	0.02468496	0.8915251	0.6635284
3300	-63.02364	-106.1696	43.14597	0.8826565	0.4329145	0.3162183
3306	-66.42869	-108.8957	42.46698	1.192359	0.7132462	0.3807686
3312	-56.86831	-100.0907	43.22244	0.07484636	1.017703	0.6842152
3318	-54.44192	-97.96503	43.52311	0.03624361	0.4019063	1.27833
3324	-56.15462	-99.30158	43.14696	0.002377386	1.13445	0.7464299
3330	-56.5	-99.75356	43.25356	0.5747947	0.5813729	0.6691065
3336	-49.77586	-92.12411	42.34825	0.04846787	2.380439	0.5801202
3342	-51.55094	-95.20764	43.6567	0.0240586	0.7079219	0.6050292
3348	-52.49476	-95.75301	43.25825	0.7325201	0.4875419	0.6390769
3354	-49.71024	-92.56832	42.85808	0.2676982	1.1487	0.7622322
3360	-52.91308	-94.15093	41.23785	0.6346347	3.630382	0.4976268
3366	-54.11263	-97.37433	43.26169	0.4571905	0.6850621	0.5782948
3372	-52.96411	-94.84642	41.88231	0.9856693	1.605518	0.4902145
3378	-52.27973	-95.84641	43.56668	0.1191993	0.7129505	0.5650349
3384	-56.46108	-97.88605	41.42497	0.5055175	3.472667	0.5159143
3390	-50.34198	-94.48192	44.13994	0.5396446	0.1918027	0.5159143
3396	-51.32206	-94.66131	43.33924	0.2316412	0.8090356	0.5519682
3402	-51.88361	-95.85527	43.97166	0.5367129	0.2525718	0.4823927
3408	-50.13647	-94.3529	44.21642	0.2799402	0.2551626	0.4474986
3414	-49.04354	-91.12193	42.07839	0.2787697	1.421681	1.300551
3420	-46.37971	-89.41567	43.03596	0.5143553	0.8309949	0.5093391
3426	-53.67097	-97.46791	43.79695	0.09175289	0.5629841	0.5890095
3432	-48.10037	-91.75805	43.65767	0.04693867	0.5629841	0.8841401
3438	-54.97871	-98.43596	43.45724	0.01307859	0.8764894	0.6302039
3444	-51.99681	-94.44848	42.45166	0.1927601	1.904735	0.6302039
3450	-49.3768	-93.23181	43.855	0.4886463	0.2843951	0.7365777
3456	-51.37425	-95.43777	44.06352	0.2662678	0.2887099	0.742004
3462	-48.96422	-91.60385	42.63963	0.1050329	1.729961	0.6536315
3468	-50.8342	-94.12943	43.29523	0.04406304	0.6456011	1.129413
3474	-55.01081	-98.02265	43.01184	0.2106013	1.049322	0.756287
3480	-58.25089	-102.2123	43.9614	0.1995537	0.4034698	0.5862521
3486	-51.24746	-94.19196	42.9445	0.3541142	1.03085	0.6561581
3492	-47.69942	-90.64526	42.94584	0.27386	1.100677	0.6806528
3498	-48.00579	-91.53029	43.5245	0.5016892	0.4665437	0.6401244
3504	-56.38847	-98.30586	41.91739	0.5509815	1.535656	1.13418
3510	-51.75277	-94.05585	42.30308	0.7004624	1.326822	0.3321621
3516	-55.21201	-97.93627	42.72427	1.459087	0.3467991	0.3043703
3522	-52.81953	-94.38507	41.56554	0.5014162	3.012753	0.3609185
3528	-54.7909	-97.4798	42.68891	0.6197616	1.002496	0.3479211
3534	-56.40041	-100.1817	43.78127	0.3473447	0.395067	0.6971505
3540	-57.94607	-101.3901	43.44402	0.1575857	0.7860204	0.4726441
3546	-51.70915	-93.41031	41.70116	0.4529991	2.855699	0.3898799
3552	-50.07997	-92.67925	42.59928	0.251477	1.630032	0.4853073
3558	-53.78308	-97.13418	43.3511	0.6228021	0.5164826	0.5312779
3564	-52.88755	-95.21655	42.329	0.3439997	1.648016	0.8457303
3570	-48.72355	-92.31173	43.58818	0.1201165	0.6076816	0.7979073
3576	-47.48901	-91.94335	44.45433	0.4304595	0.1312622	0.4982957
3582	-52.23528	-95.03446	42.79918	0.155109	1.472849	0.5717592
3588	-49.99687	-92.95351	42.95664	0.4142877	0.9975329	0.5246407
3594	-49.47796	-93.40197	43.92401	0.1741065	0.4428121	0.4611737
3600	-54.60436	-98.37481	43.77045	0.3219397	0.3173104	0.9524018
3606	-49.47558	-93.64246	44.16688	0.005306533	0.3173104	0.8635118
3612	-49.48417	-93.2225	43.73833	0.4505861	0.3574085	0.328305
3618	-57.33341	-100.4554	43.12201	0.8113345	0.5059576	0.6929915
3624	-55.35786	-98.66591	43.30806	0.5381361	0.3127793	1.193401
3630	-50.17671	-91.57171	41.395	1.685312	0.9876557	0.2049546
3636	-56.8633	-99.66603	42.80273	1.796369	0.1111315	0.1850125
3642	-57.23774	-99.95933	42.72159	1.649626	0.2869632	0.3555911
3648	-62.48708	-106.758	44.27095	0.2006464	0.1904352	0.9005294
3654	-58.78878	-102.6935	43.90472	0.6815687	0.1904352	0.7551402
3660	-56.26428	-97.95146	41.68718	0.8050177	2.212616	0.5485106
3666	-56.15895	-98.442	42.28304	1.150263	0.9116705	0.6271849
3672	-59.22466	-101.507	42.28235	1.095579	0.9627847	0.6313599
3678	-58.15143	-99.65326	41.50183	0.3286382	3.665042	0.6313599
3684	-57.315	-97.77009	40.45509	0.3230515	7.713971	0.3931547
3690	-52.72386	-96.86193	44.13807	0.1572456	0.3419166	0.4590845
3696	-56.28281	-98.3559	42.07308	0.825803	0.6453919	1.487442
3702	-56.11896	-98.79474	42.67578	0.1824045	1.618367	0.5234131
3708	-52.99131	-95.85131	42.85999	0.1112216	1.410719	0.6540466
3714	-56.22888	-98.42499	42.1961	0.2791256	2.137878	0.3434915
3720	-57.76784	-99.15959	41.39175	0.9270303	2.49055	0.3802615
3726	-51.60292	-94.8036	43.20069	0.2798773	0.7063355	0.9105153
3732	-53.39557	-96.73843	43.34287	0.2077007	0.7063355	0.8280375
3738	-50.15298	-93.78766	43.63468	0.2945675	0.3822218	0.9794553
3744	-49.91039	-93.36211	43.45171	0.4541967	0.5273001	0.6799962
3750	-51.10471	-93.80067	42.69596	0.1825772	1.580528	0.4425936
3756	-52.01805	-93.57121	41.55316	0.1057272	4.224584	0.5752147
3762	-52.7749	-96.48463	43.70973	0.1960103	0.4981222	0.7582521
3768	-53.76594	-96.75203	42.98609	0.1101245	1.298893	0.460133
3774	-53.2907	-96.51181	43.22111	0.08668369	1.059783	0.460133
3780	-54.51224	-98.28573	43.77349	0.4963635	0.2937979	0.8093906
3786	-56.2045	-99.27314	43.06864	0.3099767	0.978072	0.5854564
3792	-55.65671	-96.85665	41.19994	0.3459318	4.570709	0.4172519
3798	-54.80413	-96.38299	41.57886	1.293648	1.009287	0.153508
3804	-57.95906	-98.83166	40.87259	1.442323	1.909341	0.1875462
3810	-56.92023	-97.86341	40.94317	1.442323	2.001791	0.2328617
3816	-54.14365	-95.96257	41.81892	0.5450287	2.467422	0.5166855
3822	-53.92116	-97.37925	43.45809	0.03849905	0.8136803	0.7176421
3828	-53.39259	-95.32375	41.93116	0.6151352	2.122372	0.4966633
3834	-59.27572	-102.229	42.95323	0.03684146	1.429619	0.4464039
3840	-52.58798	-96.5116	43.92362	0.6339639	0.2254783	0.6183351
3846	-52.6148	-96.21676	43.60196	0.4360555	0.478424	0.4786917
3852	-51.05546	-94.61043	43.55497	0.5447119	0.4429934	0.5258617
3858	-53.38264	-96.22853	42.8459	0.8353018	0.6880479	0.6650784
3864	-56.68148	-99.42276	42.74128	0.9750569	0.6880479	0.4334863
3870	-62.42918	-105.229	42.79985	0.8307406	0.669889	0.7859637
3876	-58.33904	-100.1817	41.8427	0.8307406	1.898674	0.4584446
3882	-61.80666	-103.6813	41.8746	0.9574355	1.635976	0.5919172
3888	-54.82243	-96.59613	41.77371	0.09277493	3.605581	0.5919172
3894	-50.42104	-93.77196	43.35092	0.5810893	0.5364675	0.4267668
3900	-59.47433	-99.68305	40.20872	1.130578	4.581686	0.2378439
3906	-57.70472	-101.9471	44.24234	0.03118749	0.3437578	0.610676
3912	-58.64663	-101.8753	43.22863	0.2283075	0.7397782	0.8892715
3918	-53.10689	-95.5135	42.40662	0.6338176	1.198124	0.8187908
3924	-49.16225	-92.0937	42.93145	0.3604784	0.9845332	0.7480977
3930	-51.42173	-94.22334	42.80161	0.3237546	1.203038	0.6849307
3936	-55.46801	-98.02346	42.55546	0.2098852	1.520328	0.8427405
3942	-60.09273	-101.7112	41.6185	0.5876724	2.794467	0.5449958
3948	-53.22667	-96.10393	42.87726	0.6177855	0.8519402	0.3845713
3954	-51.66122	-96.16244	44.50122	0.3288638	0.1251079	0.7244123
3960	-48.3558	-90.46127	42.10547	0.5594645	1.813696	0.7026157
3966	-47.50114	-89.98478	42.48364	0.4866281	1.404194	0.6663589
3972	-49.57834	-92.3083	42.72995	0.007998671	1.730921	0.6661711
3978	-49.70555	-92.70949	43.00395	0.04497568	1.092021	0.9216223
3984	-53.31352	-95.32833	42.01481	0.192649	2.642122	0.7154564
3990	-54.95947	-98.18255	43.22308	0.03338116	1.111197	0.5584674
3996	-54.94776	-97.39383	42.44607	0.06831632	2.157627	0.5826456
4002	-55.53643	-98.99024	43.45381	0.2832944	0.6793368	0.515781
4008	-55.38124	-99.24929	43.86804	0.1743025	0.3705855	0.8824307
4014	-50.9866	-93.37784	42.39123	0.835568	1.133747	0.5927599
4020	-49.56368	-92.01535	42.45168	0.1632305	1.890591	0.7062496
4026	-51.61369	-94.14912	42.53543	1.038308	0.8052008	0.444347
4032	-51.52751	-94.44098	42.91348	0.2331305	0.9539903	0.9622702
4038	-50.7543	-94.50696	43.75267	0.7428808	0.2344242	0.344321
4044	-52.10539	-95.56584	43.46046	0.8384127	0.3405438	0.4626824
4050	-56.50372	-100.4581	43.95441	0.2251558	0.3405438	0.7895345
4056	-57.65286	-100.1116	42.45878	0.3932819	1.458673	0.7895345
4062	-59.59431	-102.5467	42.95238	0.8251542	0.2693391	1.335691
4068	-51.3092	-95.33728	44.02809	0.6066308	0.1739317	0.3071324
4074	-53.95283	-96.49545	42.54262	0.3198468	1.299788	0.9267018
4080	-65.31784	-107.0257	41.70787	0.7759169	2.096187	0.723103
4086	-61.6257	-104.2523	42.62665	0.9639851	0.7577488	0.6689336
4092	-64.1018	-105.3246	41.22284	0.9196879	2.907836	0.4127203
4098	-54.37253	-97.8283	43.45578	0.8228476	0.3508997	0.4761483
4104	-52.73416	-95.87321	43.13905	0.8437482	0.4007107	0.2481823
4110	-53.22205	-96.29046	43.06841	0.4535713	0.8191916	0.6594931
4116	-58.18895	-101.0639	42.87495	0.7374803	0.6192805	0.2429291
4122	-54.15162	-97.12816	42.97654	0.7374803	0.6953044	0.4653728
4128	-53.32139	-96.7465	43.42511	0.4861582	0.5558514	0.4653728
4134	-58.08188	-100.6693	42.58747	0.4146181	0.8729065	1.179853
4140	-52.98809	-95.81761	42.82952	0.2117809	1.263044	0.7400605
4146	-51.99227	-94.6119	42.61963	0.2755293	1.523948	0.63501
4152	-54.63657	-96.71997	42.08339	0.4835277	2.031774	0.63501
4158	-57.68932	-101.539	43.84967	0.6173883	0.2568129	0.63501
4164	-55.49714	-99.29954	43.8024	0.2560895	0.4599664	0.5827917
4170	-54.02303	-98.01182	43.98879	0.2684193	0.3432457	0.6525342
4176	-55.05315	-98.68887	43.63571	0.4502426	0.4298932	0.6525342
4182	-60.35621	-102.7441	42.38793	0.3852201	1.440626	0.9028516
4188	-57.68551	-101.0581	43.37257	0.4468628	0.5691144	0.3313239
4194	-51.9397	-95.49535	43.55565	0.3610498	0.5539194	0.5053013
4200	-56.09442	-98.41154	42.31712	1.072919	0.9031325	0.3255581
4206	-53.81201	-93.73053	39.91852	1.956484	2.123746	0.1194614
4212	-58.11998	-100.0528	41.9328	0.6052912	2.067272	0.6537659
4218	-55.34935	-98.19459	42.84524	0.9256742	0.646235	0.4279779
4224	-59.33859	-98.95538	39.6168	0.8900605	7.586036	0.197709
4230	-61.68945	-101.5576	39.86811	0.9312101	7.467114	0.3525218
4236	-53.45938	-95.90115	42.44177	0.2390838	1.729241	0.7633645
4242	-57.63007	-100.2594	42.62928	0.9981245	0.7593257	0.4391117
4248	-60.88791	-104.1324	43.24445	0.5303367	0.193555	1.498916
4254	-56.25902	-99.57027	43.31126	0.07580678	0.589093	1.158515
4260	-53.84361	-96.52659	42.68298	0.6356458	1.051534	0.5150965
4266	-50.93477	-94.01531	43.08054	0.2049744	1.070793	0.5921287
4272	-54.25513	-96.60812	42.35299	0.3501616	1.832953	0.4191813
4278	-56.64151	-99.30532	42.66381	0.6432486	1.029267	0.6411146
4284	-56.30213	-99.44307	43.14094	0.2864809	0.6132271	1.090619
4290	-54.17849	-94.82796	40.64947	0.9191721	4.292756	0.3269125
4296	-57.44213	-98.09324	40.65111	1.282978	2.781445	0.2120937
4302	-60.7486	-101.6062	40.85763	0.4248157	5.069212	0.8061854
4308	-61.69671	-101.5836	39.88692	1.283704	5.069212	0.2258293
4314	-57.20975	-97.31851	40.10877	2.146863	1.636781	0.1328787
4320	-65.00474	-105.183	40.17822	1.988113	1.392307	0.09407687
4326	-72.02961	-109.7461	37.71652	1.938839	12.93328	0.1937956
4332	-63.15745	-103.9807	40.82322	1.102081	3.340241	0.3502362
4338	-61.31848	-103.6053	42.28679	1.51326	0.4886444	0.2365231
4344	-59.20883	-99.40449	40.19566	1.067216	5.581728	0.4117807
4350	-61.58627	-102.6137	41.02743	0.3660808	5.131171	0.559193
4356	-52.96737	-95.65056	42.68319	0.1027143	1.665057	0.6579544
4362	-55.28541	-97.70081	42.4154	0.2718207	1.364003	1.051797
4368	-53.49322	-97.02322	43.53	0.3057825	0.5513247	0.7353591
4374	-55.27985	-98.92589	43.64604	0.5551831	0.3889717	0.4757403
4380	-58.69407	-100.655	41.96089	1.065805	1.305096	0.3377468
4386	-57.22757	-99.8153	42.58773	1.065805	0.73889	0.4421339
4392	-59.15364	-102.0469	42.89329	1.05814	0.5046845	0.3665494
4398	-55.20913	-98.12176	42.91263	0.7186651	0.7585858	0.4511944
4404	-52.86702	-94.67833	41.81132	1.301555	0.9845513	0.2156297
4410	-63.32189	-105.0717	41.74983	0.3048352	1.340766	1.581137
4416	-59.40181	-101.6077	42.20585	0.8454542	1.274053	0.7090781
4422	-55.44845	-97.57493	42.12648	0.8454542	1.274053	0.8236606
4428	-60.88471	-102.4741	41.58944	0.3452683	2.380003	1.155959
4434	-55.18724	-96.77808	41.59084	0.814354	2.380003	0.5420948
4440	-57.86053	-100.4481	42.58757	0.8335412	0.6978008	0.985195
4446	-57.53902	-100.6692	43.13018	0.06600014	1.135587	0.6639176
4452	-54.71872	-98.64875	43.93002	0.5753854	0.2517135	0.4479402
4458	-57.57238	-100.3479	42.77556	1.050128	0.610802	0.5594445
4464	-54.31405	-96.62164	42.3076	0.2714693	1.986381	0.6661176
4470	-56.40704	-98.65879	42.25175	0.2216755	1.885979	0.8991416
4476	-63.79112	-107.1017	43.31053	0.2680759	0.8005609	0.5628034
4482	-53.9397	-97.11342	43.17372	0.1942453	0.9127904	0.7459909
4488	-55.31626	-98.15559	42.83933	0.3680725	0.9127904	0.943953
4494	-53.01894	-96.09709	43.07815	0.4150515	0.8238737	0.7034064
4500	-49.34646	-91.71742	42.37096	0.779596	1.226814	0.4344283
4506	-49.95382	-92.85768	42.90387	0.04373107	1.226814	0.9002029
4512	-55.02429	-97.3075	42.28321	0.2756838	1.749369	0.9002029
4518	-51.83536	-95.23446	43.3991	0.3435578	0.4908395	0.9679367
4524	-49.79129	-93.08109	43.28981	0.3574142	0.7497861	0.5028832
4530	-52.29728	-94.86017	42.56288	0.07437596	1.560329	0.9548364
4536	-52.29497	-94.85793	42.56296	0.04243983	2.013169	0.5418868
4542	-47.60982	-91.75208	44.14225	0.3495578	0.2589105	0.5210056
4548	-52.28232	-94.79969	42.51737	0.5327531	1.206248	0.7967945
4554	-49.40438	-91.48638	42.082	0.5270152	1.941078	0.3681868
4560	-50.04497	-91.20087	41.15591	1.02158	2.824439	0.6041315
4566	-49.7964	-91.56771	41.77131	0.3992016	2.878499	0.4680611
4572	-51.75659	-94.31483	42.55824	0.5509657	1.28342	0.5405341
4578	-54.51201	-96.7848	42.27279	0.3004144	2.069298	0.5405341
4584	-64.02917	-106.643	42.61379	1.02764	0.7544692	0.4966517
4590	-51.32306	-94.10932	42.78627	0.9433104	0.6845176	0.476472
4596	-50.78408	-94.805	44.02092	0.2781635	0.2995732	0.7496886
4602	-47.06829	-90.74218	43.67389	0.4189455	0.3997124	0.7411371
4608	-49.17908	-91.89911	42.72004	1.016701	0.5973846	0.7794445
4614	-48.14583	-90.14285	41.99703	0.1533222	2.302966	0.9912141
4620	-48.3001	-90.5608	42.2607	1.12269	0.7551644	0.2214895
4626	-53.35	-94.60514	41.25515	1.729589	0.7551644	0.121794
4632	-52.41476	-95.97423	43.55947	0.9080785	0.1682307	0.2100436
4638	-50.58039	-94.44385	43.86346	1.358928	0.05207485	0.4301748
4644	-50.24702	-94.15248	43.90546	0.7761164	0.1911838	0.485987
4650	-52.33705	-95.64292	43.30587	0.3001584	0.7832939	0.485987
4656	-52.02053	-94.40708	42.38656	0.3301407	1.79421	0.6219823
4662	-52.44461	-96.02457	43.57996	1.100139	0.142341	0.2655061
4668	-52.46489	-96.04485	43.57996	1.100139	0.142341	0.2655061
4674	-58.8819	-101.8165	42.93455	0.2574988	1.17028	0.5987142
4680	-48.64566	-91.38229	42.73663	0.7825313	0.8539117	0.4503436
4686	-47.35021	-89.92918	42.57897	0.9158164	0.6963977	0.2371019
4692	-50.79333	-95.05939	44.26606	0.2557465	0.2473869	0.480944
4698	-49.81764	-93.31142	43.49378	0.5066623	0.4994188	0.5413842
4704	-58.48903	-100.6227	42.13366	0.2581659	1.097072	1.487003
4710	-54.50065	-98.50893	44.00828	0.1962996	0.3494547	0.7247265
4716	-63.47744	-106.6057	43.1283	0.4071476	0.77723	0.7247265
4722	-69.1334	-110.2441	41.11067	1.188298	2.438771	0.3258842
4728	-68.50052	-109.9649	41.46435	0.6888651	2.855398	0.6317391
4734	-63.15182	-106.3778	43.22602	0.3092286	0.7490794	0.7765762
4740	-63.17253	-105.2683	42.09576	0.9349061	1.357169	0.4025103
4746	-60.41517	-104.6789	44.26377	0.1729657	0.2678772	0.640227
4752	-65.70746	-109.8307	44.12323	0.1475593	0.331178	0.6776832
4758	-64.80228	-106.3102	41.5079	0.1592976	2.318124	1.402287
4764	-62.86705	-106.8294	43.96235	0.172428	0.4206948	0.4431822
4770	-63.08782	-106.0852	42.99734	0.9160443	0.5470244	0.4208707
4776	-63.60502	-105.5561	41.95109	1.129236	1.305271	0.4208707
4782	-63.91073	-105.5689	41.65817	0.391099	2.573157	0.9557117
4788	-60.13227	-102.341	42.20872	0.1484142	2.460212	0.5776799
4794	-61.16431	-104.7421	43.57782	0.5319432	0.4276022	0.6045214
4800	-55.46697	-97.29811	41.83114	0.6178087	2.286037	0.567701
4806	-54.36304	-98.48156	44.11852	0.8021143	0.1200874	0.4432099
4812	-49.48768	-91.91755	42.42988	0.9142428	0.9710665	0.3522458
4818	-53.66438	-95.89475	42.23037	1.178675	0.7102242	0.2097729
4824	-53.49924	-95.94875	42.44951	0.7305111	1.16244	0.377157
4830	-51.69364	-94.71543	43.02178	0.1739466	1.16244	0.4053582
4836	-48.16436	-91.31229	43.14794	0.20187	0.8884081	0.8084681
4842	-48.62099	-91.18993	42.56894	0.7838449	0.9467633	0.713101
4848	-50.16105	-91.34299	41.18194	0.9713631	2.896839	0.4285303
4854	-51.92376	-92.77457	40.85081	1.090514	2.896839	0.2357753
4860	-49.09435	-92.36996	43.2756	0.3697497	0.751104	0.4887751
4866	-50.79712	-93.81282	43.01569	0.7365386	0.6673657	0.4741869
4872	-52.1425	-95.71668	43.57419	0.2292948	0.5891625	0.6941523
4878	-51.75757	-95.53068	43.77311	0.07921968	0.5364266	0.7456336
4884	-53.17882	-96.54603	43.36721	0.8955086	0.3166225	0.7456336
4890	-64.78992	-105.3738	40.58392	0.9324605	4.70801	0.5458446
4896	-51.72433	-95.41352	43.6892	0.09519228	0.6263877	0.395081
4902	-55.17702	-97.63835	42.46133	0.1568682	1.472519	1.038183
4908	-55.12738	-97.33739	42.21001	0.5611084	1.743816	0.5447919
4914	-53.72937	-97.18167	43.45229	0.3480713	0.6234203	0.4212153
4920	-51.92546	-94.72683	42.80136	0.2435442	1.341565	0.4063381
4926	-50.27485	-93.03063	42.75578	1.176553	0.4465973	0.2665313
4932	-49.95687	-91.22568	41.26881	1.058336	1.767419	0.1665469
4938	-59.78063	-101.0515	41.27083	1.058336	1.721161	0.1597215
4944	-63.78756	-104.9139	41.12634	1.735677	1.041667	0.1583287
4950	-57.5669	-101.5496	43.98266	0.3012442	0.3408197	0.5988611
4956	-63.35689	-104.6225	41.26562	1.168229	2.278336	0.6268149
4962	-64.02834	-108.0666	44.03824	0.5711393	0.1597038	0.8556468
4968	-56.56381	-100.3398	43.77601	0.3686056	0.2932691	0.955735
4974	-61.82513	-104.4287	42.60361	0.1124736	0.5426509	1.729579
4980	-58.67119	-102.6248	43.95364	0.003570448	0.318129	1.0836
4986	-55.68876	-98.41961	42.73085	0.01568908	1.616808	0.7778768
4992	-61.86228	-104.7685	42.90619	0.1707273	1.214536	0.7486538
4998	-59.34943	-101.5845	42.23509	0.4623616	1.813027	0.639542
5004	-59.88929	-103.7273	43.83804	0.2546633	0.3178538	0.9507798
5010	-55.01865	-97.24282	42.22417	0.728983	1.484303	0.5326086
5016	-50.67703	-93.52624	42.8492	0.4805284	1.017846	0.4019549
5022	-50.03831	-94.12882	44.0905	0.07725043	0.2410756	1.062792
5028	-52.66195	-95.16939	42.50744	1.022574	0.8063424	0.6734192
5034	-50.3727	-94.57603	44.20333	0.1604012	0.3067488	0.5852523
5040	-49.7314	-93.36217	43.63077	0.2330481	0.472602	0.8688054
5046	-54.92023	-97.60864	42.68841	0.08996054	1.720318	0.4265886
5052	-59.49128	-101.7963	42.30504	0.03402882	2.384595	0.3384465
5058	-55.06672	-98.4781	43.41138	0.8349431	0.226218	1.026257
5064	-52.62568	-95.36903	42.74335	0.5475276	0.9276381	0.8299755
5070	-54.17722	-98.20744	44.03022	0.1445771	0.2636128	0.9990632
5076	-54.64364	-98.06781	43.42417	0.27965	0.6908263	0.4096932
5082	-49.95676	-93.92835	43.9716	0.07852997	0.4564214	0.6252327
5088	-52.67261	-95.58887	42.91626	0.089447	0.7731909	1.274163
5094	-51.23657	-93.64701	42.41044	0.4237476	1.348007	0.9149898
5100	-52.7106	-95.94998	43.23938	0.1760183	0.782316	0.8771153
5106	-54.56912	-99.10888	44.53976	0.251257	0.1226724	0.7953619
5112	-57.82279	-100.2073	42.38452	0.03008528	1.387264	1.275331
5118	-58.59348	-101.0707	42.47718	0.2481983	0.5860394	1.676348
5124	-58.60484	-100.8294	42.22459	1.117338	1.009186	0.6026072
5130	-56.2125	-99.24378	43.03128	0.6214895	0.6508105	0.2909628
5136	-52.91415	-94.82581	41.91166	0.9033458	1.493702	0.2842538
5142	-56.31497	-98.77109	42.45612	0.7364441	1.044551	0.2842538
5148	-52.92683	-96.11998	43.19316	0.8065772	0.4800543	0.3768779
5154	-52.17303	-94.80978	42.63675	0.2189611	1.445884	0.7976112
5160	-49.20235	-91.01424	41.81189	0.09281587	3.228914	0.7879148
5166	-50.68588	-93.10963	42.42375	0.6493953	1.137674	0.8451931
5172	-51.60973	-95.21556	43.60583	0.05465131	0.5825447	0.9008943
5178	-53.35473	-96.55754	43.20281	0.0222922	1.095998	0.6786876
5184	-59.29587	-101.5192	42.22332	0.2944542	2.172361	0.5204455
5190	-65.08546	-105.9968	40.91135	0.1347895	6.462223	0.613126
5196	-56.33752	-99.21091	42.87339	0.905337	0.621028	0.3731565
5202	-59.63489	-102.8977	43.2628	0.1577086	0.8756775	0.7269969
5208	-68.71003	-111.4359	42.72592	0.3149492	0.7585752	1.259835
5214	-57.211	-99.50208	42.29108	1.557123	0.2890461	0.1367328
5220	-52.1492	-95.55498	43.40578	0.9996516	0.2890461	0.4241788
5226	-54.48968	-96.69204	42.20235	0.5124293	1.759726	0.3583849
5232	-60.01564	-101.6646	41.64896	1.395653	0.9839679	1.033739
5238	-53.88498	-97.71893	43.83395	0.01105218	0.3013343	1.216873
5244	-50.83107	-92.74568	41.91461	0.973564	1.563364	0.5727764
5250	-48.36383	-91.01066	42.64682	0.4127751	1.347431	0.4812034
5256	-50.07097	-93.2972	43.22623	0.4413214	0.6525662	0.3035562
5262	-48.89554	-90.77323	41.87769	0.7012169	1.619374	0.2128787
5268	-52.41124	-96.85701	44.44577	0.08530582	0.1823907	0.257688
5274	-50.96971	-94.50636	43.53665	0.437203	0.4702806	0.3266069
5280	-52.91387	-94.95477	42.0409	0.2031212	2.660671	0.3920181
5286	-55.06363	-97.2513	42.18767	0.01083259	2.486651	0.8341204
5292	-55.82643	-97.60128	41.77485	0.4236494	2.486651	0.8341204
5298	-58.73336	-100.4021	41.66879	0.5807861	2.104389	0.9999864
5304	-50.7967	-93.02295	42.22626	0.8461127	1.068348	0.2325479
5310	-53.38552	-96.86029	43.47477	0.5918928	0.4386468	0.6595468
5316	-53.8704	-96.3295	42.45911	0.6820129	1.230296	0.594522
5322	-58.0652	-99.03089	40.96569	0.8884134	3.623004	0.4042214
5328	-56.96808	-100.4038	43.43574	0.1321649	0.7917277	0.6289462
5334	-60.66405	-101.6272	40.96314	0.8005917	3.756245	0.3422663
5340	-60.85114	-101.7866	40.93543	0.8891974	3.756245	0.5373584
5346	-61.63739	-103.9885	42.3511	1.089864	0.9228799	0.4389436
5352	-52.08888	-95.2529	43.16402	1.089864	0.3556295	0.5948785
5358	-52.43266	-95.53731	43.10465	0.2656735	0.92969	0.7137191
5364	-52.37843	-95.12606	42.74763	0.6937977	0.92969	0.4850931
5370	-50.26983	-94.32662	44.05678	0.4471691	0.2511219	0.569394
5376	-48.25099	-91.77277	43.52178	0.1867593	0.7012801	0.4899161
5382	-50.57886	-92.32467	41.74581	0.7954277	2.129854	0.4791181
5388	-57.90001	-98.31424	40.41423	0.7954277	5.334026	0.8073375
5394	-53.66312	-96.71632	43.05319	0.6946321	0.5076673	0.2275685
5400	-62.71458	-106.2553	43.54072	0.1432809	0.4730909	1.055728
5406	-56.80669	-100.7165	43.90977	0.09006241	0.3937402	0.8783643
5412	-65.87644	-107.8454	41.96896	0.5800368	1.794336	0.8783643
5418	-63.94166	-105.2567	41.31506	0.8395745	2.916999	0.4760777
5424	-70.65784	-113.5825	42.92461	1.074543	0.4572679	0.3291144
5430	-60.54882	-102.4091	41.86033	0.557611	2.21665	0.721869
5436	-57.36589	-101.391	44.0251	0.03175774	0.39682	0.8003652
5442	-55.47136	-98.83573	43.36437	0.1599753	0.7566868	0.7786954
5448	-58.68371	-101.0868	42.40306	0.216732	1.587505	0.9529925
5454	-56.55132	-99.36635	42.81503	0.3994517	0.9205679	0.9274408
5460	-56.47234	-98.66204	42.18969	0.1392859	2.147031	0.8902365
5466	-58.56172	-100.199	41.63726	0.3008478	3.426796	0.4316725
5472	-50.75974	-93.99525	43.23551	0.08312478	0.9670216	0.7344646
5478	-51.70986	-95.19789	43.48804	0.05556555	0.7654511	0.7344646
5484	-47.83891	-91.98537	44.14645	0.4244292	0.2292661	0.5152585
5490	-50.83095	-94.02675	43.1958	0.09474279	0.9491691	0.8012371
5496	-54.91701	-98.135	43.21798	0.01914691	1.001582	0.8012371
5502	-53.86322	-97.25266	43.38944	0.05580364	0.9142176	0.5852825
5508	-53.00875	-96.60749	43.59874	0.4631768	0.4585649	0.428276
5514	-48.60063	-92.25874	43.65811	0.1266183	0.4582095	0.9821889
5520	-46.10001	-89.63085	43.53083	0.2060539	0.6498545	0.6561845
5526	-49.56622	-93.3739	43.80768	0.1616664	0.5186283	0.539574
5532	-58.15882	-101.3622	43.20334	0.2900279	0.2786305	1.536255
5538	-55.75396	-99.9541	44.20014	0.2061076	0.2786305	0.6489149
5544	-60.56398	-103.6332	43.06926	0.5276791	0.3905515	1.265508
5550	-58.77868	-101.8369	43.05822	0.4285643	0.3905515	1.354602
5556	-57.88686	-101.1567	43.26982	0.5245805	0.4578705	0.9728967
5562	-57.37793	-102.0911	44.71316	0.2216432	0.1139807	0.597979
5568	-57.88092	-100.8825	43.00154	0.4968467	0.524996	1.147011
5574	-64.22494	-106.4556	42.23066	0.5369458	1.349437	0.9841328
5580	-56.10189	-100.8465	44.7446	0.07883878	0.1481301	0.5024956
5586	-57.82959	-100.788	42.95841	0.677064	0.7003645	0.7185275
5592	-57.63081	-99.15181	41.521	0.8963748	2.168836	0.3059035
5598	-51.67166	-94.96184	43.29018	0.4505931	0.6515346	0.3801461
5604	-52.35647	-95.74577	43.3893	0.6017486	0.4572655	0.7346929
5610	-53.21221	-96.04778	42.83557	0.3925898	0.7408244	1.117014
5616	-53.76381	-95.76445	42.00064	0.5380737	2.010281	0.7139519
5622	-58.59514	-100.0939	41.49873	0.4208959	3.315806	0.7139519
5628	-53.54267	-97.32958	43.78691	0.6715962	0.2705014	0.5512368
5634	-56.73373	-99.04	42.30627	0.6060817	1.540984	0.5278165
5640	-60.20371	-104.7517	44.54803	0.4445563	0.09625431	0.6394885
5646	-51.74201	-95.4033	43.66128	0.159154	0.4563981	0.9484534
5652	-52.36219	-95.9709	43.60871	0.02497124	0.6630514	0.7943074
5658	-49.52225	-93.15576	43.63351	0.07261173	0.6309196	0.7545321
5664	-51.39539	-94.5414	43.14601	0.5933893	0.6327632	0.6968106
5670	-52.22929	-95.79946	43.57018	0.3547247	0.5467345	0.5394471
5676	-54.17873	-97.84419	43.66546	0.2897929	0.527432	0.5394471
5682	-57.76905	-100.6361	42.86701	1.084317	0.3062275	0.1679917
5688	-56.89373	-99.50004	42.60631	1.402046	0.3062275	0.1834268
5694	-53.06658	-95.01152	41.94494	1.402046	0.74923	0.2052303
5700	-55.26311	-97.94409	42.68099	1.330238	0.3461599	0.2132692
5706	-55.80457	-99.0429	43.23833	0.3584507	0.7912919	0.4933187
5712	-56.51698	-100.0967	43.5797	0.2946235	0.4943188	0.810341
5718	-54.37371	-98.7487	44.37499	0.4481976	0.1116952	0.810341
5724	-52.76484	-96.13136	43.36651	0.8065862	0.4027769	0.5364958
5730	-55.76118	-99.29361	43.53243	0.7084318	0.3044871	0.2791537
5736	-50.60974	-93.80438	43.19465	1.283526	0.2144403	0.2832055
5742	-54.40052	-97.87374	43.47323	0.3343324	0.5808012	0.7086103
5748	-58.57358	-100.1841	41.61049	0.6347126	2.571319	0.7086103
5754	-58.67526	-101.1512	42.47591	0.6293835	1.255625	0.3869162
5760	-53.87507	-97.61322	43.73815	0.02910746	0.6431305	0.407799
5766	-55.01363	-96.60112	41.58749	0.2929407	3.553688	0.6074826
5772	-71.34139	-113.9115	42.57008	0.5476576	1.262187	0.5824825
5778	-66.50529	-108.7964	42.29112	0.006289177	2.478545	0.6965551
5784	-68.82705	-107.0855	38.25846	1.331004	13.36319	0.190015
5790	-59.89511	-102.7866	42.89151	1.331004	0.1226804	0.1157005
5796	-53.33039	-93.5346	40.20421	1.779403	2.10792	0.1365887
5802	-50.08109	-92.07331	41.99223	1.779403	0.3210995	0.1362348
5808	-56.08752	-97.10833	41.02082	1.779403	0.3810966	0.0491632
5814	-49.27889	-92.48022	43.20133	0.06900446	1.102181	0.5206243
5820	-51.73946	-94.93154	43.19207	0.1735442	0.998917	0.5522355
5826	-54.55335	-99.34715	44.7938	0.1180035	0.122839	0.5522355
5832	-52.65601	-96.49326	43.83725	0.06905962	0.5266071	0.6813347
5838	-53.27673	-97.42746	44.15074	0.04985153	0.286722	0.9122736
5844	-56.66468	-99.82242	43.15773	0.6238451	0.6100099	0.3558484
5850	-48.66359	-92.10958	43.44599	0.8075824	0.2546842	0.2244083
5856	-52.03824	-93.48667	41.44843	0.1180489	4.228826	0.3073349
5862	-52.52564	-96.18435	43.65871	0.5850897	0.3594298	0.4105851
5868	-55.54418	-97.96123	42.41704	0.4273469	1.340163	0.910638
5874	-54.36411	-97.2301	42.86598	0.007266777	1.595687	0.4707067
5880	-53.21859	-96.84288	43.6243	0.6254624	0.3640035	0.4634522
5886	-56.95429	-99.75991	42.80562	0.9596114	0.6529476	0.4395709
5892	-60.27635	-101.2078	40.93145	0.8209218	3.152187	0.2040309
5898	-55.32676	-99.45699	44.13023	0.1203486	0.3639265	0.5334932
5904	-55.19547	-97.47982	42.28435	0.832833	1.174884	0.3184522
5910	-52.25593	-95.84141	43.58548	0.1882612	0.619918	0.666322
5916	-50.72036	-93.65277	42.93241	0.02800769	1.329817	0.7781892
5922	-54.28642	-96.40859	42.12217	0.0381832	2.253968	1.007154
5928	-57.71083	-99.78442	42.07359	0.3951341	2.253968	0.4486764
5934	-56.6242	-99.03737	42.41317	0.9981279	0.9394114	0.6077591
5940	-56.31608	-100.3263	44.01018	0.03612529	0.4741243	0.5010777
5946	-56.77459	-99.78438	43.00979	0.3245158	0.9041344	0.8064096
5952	-51.59549	-95.17764	43.58215	0.2173783	0.5962261	0.6824453
5958	-52.89434	-95.54774	42.6534	0.118914	1.632342	0.7231471
5964	-51.95147	-95.44003	43.48857	0.0312407	0.8513645	0.5637901
5970	-51.04669	-95.35491	44.30822	0.0481411	0.315362	0.4798033
5976	-60.86118	-103.521	42.65984	0.3170059	1.372029	0.3417887
5982	-59.19103	-103.6319	44.44083	0.2685819	0.157447	0.3241555
5988	-49.07042	-93.06191	43.99149	0.9183743	0.0814094	0.2559058
5994	-50.44609	-92.94268	42.49659	0.2180787	1.746612	0.3479848
6000	-54.62274	-97.75798	43.13524	0.7976873	0.513252	0.3605291
6006	-64.61899	-106.2753	41.65628	0.2581599	3.348624	0.7009532
6012	-58.87205	-102.1906	43.31857	0.3975429	0.6034996	0.7955227
6018	-59.69379	-102.1378	42.44399	0.8167307	1.083984	0.3918007
6024	-53.77432	-95.50647	41.73215	0.2403564	3.354146	0.54523
6030	-51.39156	-94.85651	43.46496	0.1688015	0.7452512	0.6042065
6036	-51.8137	-96.06158	44.24788	0.5059362	0.1637096	0.5952413
6042	-55.35391	-98.30923	42.95531	0.9626964	0.5416347	0.4115137
6048	-56.20661	-97.11609	40.90948	0.3049456	5.661653	0.6669113
6054	-51.62146	-94.12417	42.50271	1.065003	0.8036011	0.4193485
6060	-50.12835	-93.66824	43.53988	0.1968656	0.6357466	0.694111
6066	-52.90385	-95.49611	42.59226	0.3134191	1.192565	0.9768505
6072	-54.27698	-96.75852	42.48154	0.2431945	1.416003	0.9747628
6078	-57.29648	-101.5536	44.2571	0.09443229	0.301151	0.6512205
6084	-55.70948	-97.25956	41.55009	0.227763	3.897388	0.5094163
6090	-51.1173	-95.86214	44.74484	0.06837971	0.1493424	0.4473683
6096	-55.98007	-98.2869	42.30684	0.7219736	1.386617	0.5175995
6102	-57.73057	-99.24171	41.51113	0.5059608	3.25059	0.5000494
6108	-51.49425	-92.93407	41.43982	0.5097137	3.404846	0.5627093
6114	-48.74555	-92.55738	43.81183	0.006788174	0.6152461	0.5627093
6120	-47.58652	-92.02254	44.43602	0.01789803	0.2304073	0.7785565
6126	-49.34121	-93.02255	43.68134	0.3516415	0.4033168	0.8152618
6132	-51.66561	-94.8831	43.21749	0.3715182	0.6531666	0.8673595
6138	-50.4168	-94.00441	43.58761	0.181609	0.6531666	0.4584002
6144	-52.00543	-95.51647	43.51104	0.04128387	0.7666031	0.3312189
6150	-50.20312	-94.1595	43.95639	0.008464241	0.520558	0.454739
6156	-56.57983	-99.7527	43.17287	1.099058	0.354465	0.4860681
6162	-61.03619	-104.8363	43.80013	0.2500561	0.4487401	0.6561074
6168	-58.63322	-102.0746	43.44136	0.1788186	0.5499583	0.9958246
6174	-60.7603	-103.1285	42.36818	1.333465	0.4493601	0.1782459
6180	-62.47831	-105.0487	42.57041	0.07713487	1.622994	0.895811
6186	-56.06045	-97.79826	41.7378	0.4226517	2.896795	0.5470698
6192	-65.21417	-107.3446	42.13048	0.4512191	1.889723	0.7594043
6198	-66.77883	-109.9322	43.15341	0.5150365	0.7131053	0.3963153
6204	-60.24519	-103.3376	43.09237	0.6875184	0.634241	0.408401
6210	-60.73745	-102.4272	41.6898	1.145073	1.357346	0.2383502
6216	-62.37785	-104.8938	42.51597	1.145073	0.7018554	0.3620088
6222	-61.27177	-104.5946	43.3228	0.05853539	0.9242044	0.7048846
6228	-57.01158	-100.2657	43.25412	0.767126	0.4762052	0.6109562
6234	-58.87676	-101.3437	42.4669	0.3201349	1.697523	0.6022446
6240	-53.80983	-97.29165	43.48182	0.002611881	0.872209	0.6056151
6246	-51.41402	-95.58958	44.17556	0.03887104	0.382714	0.5135105
6252	-48.55182	-90.19337	41.64155	0.2929367	3.43876	0.434697
6258	-49.48952	-93.6088	44.11928	0.04902617	0.3311501	0.8308251
6264	-53.62728	-96.3424	42.71512	0.1680219	1.474082	0.3260695
6270	-47.70052	-92.10261	44.40209	0.104722	0.2318219	0.3490361
6276	-49.64321	-93.16865	43.52544	0.7401179	0.3571624	0.5242922
6282	-53.54416	-96.48371	42.93955	0.7401179	0.687889	0.6685494
6288	-59.34787	-103.25	43.90217	0.06184593	0.3079406	1.098638
6294	-60.65045	-103.0059	42.35544	0.2480741	1.969351	0.6350627
6300	-63.49772	-105.252	41.75432	0.849306	1.952666	0.3703838
6306	-60.3584	-102.1131	41.75468	0.1466801	3.520164	0.4270963
6312	-54.74457	-96.49772	41.75315	0.8354176	1.971112	0.3647345
6318	-57.05411	-99.70087	42.64676	0.2314423	1.556818	0.6184755
6324	-54.14932	-97.03371	42.88439	0.7979003	0.7200444	0.5347291
6330	-60.34184	-102.6499	42.30806	0.8337752	1.248048	0.5064654
6336	-55.75501	-99.29682	43.54181	0.804097	0.3201943	0.4852285
6342	-53.35165	-97.20418	43.85253	0.101203	0.4154406	0.883671
6348	-52.27448	-95.72246	43.44798	0.04830168	0.7202854	0.8722149
6354	-53.16024	-97.66159	44.50135	0.2090667	0.1749387	0.4009973
6360	-57.38235	-100.5785	43.19612	0.6178684	0.6143993	0.585344
6366	-57.87711	-100.4708	42.59371	0.4368076	1.300307	0.7075429
6372	-57.3836	-99.86626	42.48266	0.4023936	1.564192	0.5821967
6378	-60.97794	-104.7955	43.81754	0.1584256	0.4193444	0.8487295
6384	-57.94127	-101.3258	43.3845	0.3117362	0.4193444	1.133065
6390	-55.06467	-98.49761	43.43294	0.5669791	0.4465278	0.7502689
6396	-56.29846	-98.86194	42.56349	0.0140879	1.906551	0.7502689
6402	-53.30211	-96.29693	42.99482	0.4368367	0.9380325	0.5273272
6408	-59.0952	-103.1607	44.0655	0.2309388	0.3302126	0.3912641
6414	-56.76456	-98.85171	42.08715	0.03508093	2.786919	0.7449039
6420	-59.79997	-103.8112	44.01126	0.0006064989	0.4418525	0.7449039
6426	-57.40137	-100.7658	43.36446	0.01218171	0.6796672	1.052335
6432	-56.92956	-100.4978	43.5682	0.1164487	0.4252654	1.133588
6438	-54.51624	-98.21072	43.69448	0.09952776	0.6330518	0.5601298
6444	-52.65588	-96.75063	44.09475	0.0758504	0.3075891	0.891018
6450	-51.5626	-93.61812	42.05553	0.798077	1.41909	0.8268757
6456	-53.38997	-96.97831	43.58834	0.798077	0.2892105	0.3848865
6462	-53.23135	-96.69347	43.46213	0.7673987	0.3752713	0.4915964
6468	-54.5248	-98.95078	44.42598	0.4702066	0.1282062	0.4915964
6474	-60.40302	-100.6952	40.29217	1.169632	4.908025	0.482775
6480	-51.35576	-93.49793	42.14217	0.6628732	1.40439	0.2415778
6486	-56.07744	-98.50516	42.42772	0.5913407	1.369217	0.6176635
6492	-60.84402	-104.3363	43.49226	0.1923444	0.3995658	1.176416
6498	-51.59814	-95.10424	43.5061	0.2297035	0.3736094	1.176416
6504	-54.77742	-95.36539	40.58797	1.066995	3.235321	0.1838406
6510	-59.98378	-101.3461	41.36233	0.7023605	2.279911	0.1760573
6516	-51.70955	-95.51863	43.80907	0.5165604	0.2836498	0.7661993
6522	-54.02898	-96.55695	42.52797	0.06533798	2.038298	0.5206034
6528	-57.75381	-97.46107	39.70727	0.757518	9.425155	0.3833281
6534	-58.57436	-97.36671	38.79235	2.245896	3.045673	0.07364696
6540	-55.1281	-95.97737	40.84927	1.54369	0.4330319	0.03512053
6546	-55.81283	-93.8234	38.01057	1.760874	6.221495	0.05287174
6552	-54.45132	-97.04116	42.58984	0.3346853	1.238289	0.2347145
6558	-59.69641	-101.1277	41.43132	0.8015397	2.59594	0.3364316
6564	-61.8447	-104.4092	42.56453	0.7781537	0.989459	0.375225
6570	-60.79653	-102.8302	42.03365	0.05644319	2.420492	0.9910069
6576	-52.03431	-94.41419	42.37988	0.4231978	1.698099	0.4690292
6582	-56.51137	-98.13992	41.62855	1.419638	1.018	0.2043151
6588	-59.95432	-101.4513	41.49696	0.3602896	3.647858	0.4362306
6594	-57.55663	-101.8113	44.25465	0.4415598	0.1644184	0.3341043
6600	-53.55624	-96.22083	42.66459	0.3026756	0.725233	1.353161
6606	-52.89348	-95.1739	42.28041	0.5426947	1.669031	0.4732244
6612	-51.36441	-94.86271	43.49831	0.2704534	0.4636855	0.9886762
6618	-52.01541	-95.36342	43.348	0.6676219	0.4355943	0.7562339
6624	-57.57274	-98.85064	41.2779	0.7270171	3.269504	0.549838
6630	-58.55394	-100.4728	41.91886	0.8846972	1.056904	0.1486422
6636	-56.70583	-99.0231	42.31727	0.4163844	1.581626	0.2729276
6642	-55.51322	-98.15316	42.63994	0.7605462	0.9435461	0.6249611
6648	-54.81387	-97.74582	42.93196	0.0645875	0.9435461	1.117519
6654	-62.4465	-105.5596	43.11308	0.4637032	0.7891075	0.4009138
6660	-62.13021	-103.9185	41.78824	0.8330167	1.667219	0.8913372
6666	-56.94981	-99.22346	42.27365	0.2961716	1.975138	0.6960111
6672	-48.92515	-92.00673	43.08159	0.7544553	0.4504712	0.9430243
6678	-53.86574	-97.01314	43.1474	0.1811057	0.8055117	0.9430243
6684	-60.79054	-103.5043	42.71376	0.3147877	0.7680352	1.260468
6690	-55.37948	-98.06635	42.68687	0.7906401	0.891958	0.452464
6696	-56.73571	-100.0683	43.33258	0.136479	0.891958	0.4228743
6702	-59.07385	-102.0847	43.01089	0.136479	1.034501	0.8724539
6708	-55.66703	-97.50235	41.83532	0.1862367	3.239359	0.4971908
6714	-51.18975	-95.366	44.17625	0.1602826	0.2905131	0.3274116
6720	-53.00905	-97.49008	44.48103	0.03909042	0.190541	0.8432292
6726	-52.20836	-94.87913	42.67077	0.01030525	1.6392	0.8432292
6732	-49.79715	-92.97798	43.18082	0.02525279	0.9834697	0.8630036
6738	-46.93356	-90.97892	44.04536	0.1865023	0.3042985	0.8267265
6744	-58.66179	-101.5616	42.89979	0.3636189	0.9636182	0.8171908
6750	-66.41003	-108.4564	42.04641	1.359543	0.9636182	0.4833398
6756	-64.61593	-105.7498	41.1339	0.5320607	2.907967	1.173436
6762	-68.36074	-112.6413	44.28056	0.2794186	0.2247545	0.6173388
6768	-56.07515	-100.2294	44.15428	0.07082642	0.3303331	0.7563731
6774	-60.29865	-100.9918	40.69312	1.173997	2.808281	0.1933939
6780	-52.01567	-94.65358	42.63791	0.9899179	0.6956157	0.3182249
6786	-55.30419	-98.34899	43.04481	1.015561	0.3705488	0.2573658
6792	-54.85588	-98.49545	43.63957	0.3944011	0.3705488	0.8921087
6798	-54.71021	-99.32049	44.61028	0.3241696	0.103888	0.347704
6804	-60.52481	-103.294	42.76923	1.047212	0.6075346	0.4054752
6810	-62.21205	-104.4769	42.26489	1.047212	0.8383049	0.2328031
6816	-59.79388	-99.17363	39.37975	2.269498	1.719686	0.0671864
6822	-61.34727	-101.1356	39.7883	2.269498	1.181575	0.0671864
6828	-63.73034	-103.3298	39.5995	2.468762	1.181575	0.068004
6834	-61.36381	-101.105	39.74119	2.211161	1.318733	0.068004
6840	-61.81007	-104.1367	42.32666	1.796997	0.04778137	0.068004
6846	-49.80614	-94.42894	44.6228	0.4589554	0.08177216	0.4391717
6852	-52.73137	-97.01533	44.28397	0.5834177	0.135102	0.5405193
6858	-55.50345	-98.00622	42.50277	0.1846819	1.856364	0.4164785
6864	-56.63858	-99.19925	42.56067	0.09777883	1.856364	0.3649743
6870	-54.01738	-97.42019	43.40281	0.864023	0.3556169	0.4617271
6876	-54.82825	-96.55978	41.73153	0.8807382	1.860983	0.3184478
6882	-56.26637	-99.68975	43.42338	0.6662111	0.4443958	0.4363406
6888	-59.50595	-98.74408	39.23813	1.910391	3.47284	0.103453
6894	-51.58231	-95.77205	44.18974	0.2669324	0.2586263	0.3764506
6900	-56.35004	-98.50541	42.15537	0.08363499	2.626141	0.6724642
6906	-48.18262	-91.85841	43.67578	0.2675424	0.5065697	0.6724642
6912	-52.5193	-95.51691	42.99761	0.9562218	0.5065697	0.3744056
6918	-54.77718	-98.06452	43.28734	0.8517922	0.4108084	0.6101592
6924	-55.33288	-97.56847	42.23559	0.6384253	1.461552	0.7553387
6930	-57.87328	-100.0013	42.12797	0.6384253	1.234777	1.077108
6936	-53.26707	-96.4368	43.16973	0.1606938	1.039376	0.5143308
6942	-52.73046	-95.45589	42.72543	1.039161	0.6475396	0.4157737
6948	-51.08262	-93.0517	41.96908	0.2215521	2.643049	0.3176215
6954	-54.70739	-96.89036	42.18297	0.6429849	1.443209	0.8384935
6960	-53.15782	-95.14322	41.9854	0.3867233	2.451847	0.5082237
6966	-56.10312	-97.59993	41.4968	1.111557	1.817475	0.2938694
6972	-52.01806	-93.54469	41.52663	1.111557	1.817475	0.3172827
6978	-54.30817	-96.22852	41.92034	1.170256	1.201486	0.3156568
6984	-51.90155	-96.19907	44.29752	0.2832263	0.1579877	0.2425447
6990	-50.28519	-92.1589	41.8737	0.2832263	2.899609	0.5590315
6996	-53.72954	-96.69817	42.96863	0.1150006	0.8644312	1.115938
7002	-54.82168	-97.85655	43.03487	0.2988268	0.9721127	0.7010423
7008	-55.03053	-98.79198	43.76145	0.6872526	0.2742146	0.5543958
7014	-48.61794	-91.62654	43.00861	0.5251094	0.8337208	0.4218947
7020	-51.40994	-94.34311	42.93316	0.8391926	0.6494374	0.4487559
7026	-53.06028	-96.1297	43.06942	0.7617641	0.6076145	0.4487559
7032	-54.97397	-98.10609	43.13211	1.393775	0.2359738	0.3923945
7038	-50.43447	-92.31947	41.88499	0.7461768	1.95655	0.5777685
7044	-51.71786	-94.76873	43.05087	0.1519918	1.177448	0.5068254
7050	-52.12841	-93.72868	41.60027	0.08434199	3.639141	0.8683356
7056	-54.09447	-96.81611	42.72164	1.377778	0.4179284	0.3612797
7062	-57.47008	-100.4516	42.98155	0.3624549	0.896745	0.8041571
7068	-59.1372	-101.5828	42.44556	0.02327227	2.237691	0.4202334
7074	-55.32424	-97.2962	41.97196	0.1838461	2.898653	0.439381
7080	-55.73293	-98.46411	42.73119	0.04462406	1.661122	0.6830488
7086	-54.9217	-98.43259	43.51089	0.666166	0.4018074	0.5150307
7092	-57.9609	-101.3043	43.34341	0.3886138	0.5303566	0.9104227
7098	-56.92433	-100.0997	43.1754	0.02965376	1.140441	0.6350592
7104	-55.58177	-98.47524	42.89347	0.2283817	1.140441	0.7784679
7110	-53.83268	-96.71665	42.88397	0.2234855	1.287372	0.5288698
7116	-54.02899	-97.48327	43.45428	0.1430653	0.7895524	0.5288698
7122	-48.91317	-92.2845	43.37133	0.1403656	0.7895524	0.3191459
7128	-56.00474	-97.92181	41.91707	0.6435909	2.095721	0.5182776
7134	-55.8236	-99.66873	43.84513	0.4276693	0.3538458	0.4800097
7140	-58.60784	-101.416	42.80815	0.4276693	1.10832	0.6318377
7146	-60.30092	-103.7634	43.46244	0.5975517	0.4646206	0.5379063
7152	-58.05421	-101.0768	43.02256	1.022834	0.4652326	0.4151645
7158	-55.62697	-97.81444	42.18746	1.369611	0.5787415	0.1980877
7164	-51.59215	-96.40254	44.81038	0.01603058	0.1323187	0.3526538
7170	-52.73733	-96.56599	43.82865	0.6209662	0.2464631	0.7200203
7176	-56.98747	-100.3278	43.34032	0.2902609	0.752525	0.4229062
7182	-48.45933	-91.29938	42.84004	0.7905396	0.752525	0.4229062
7188	-48.40512	-91.01507	42.60995	0.9166887	0.752525	0.2953045
7194	-64.98355	-105.6174	40.63388	0.4649444	3.361364	1.479949
7200	-60.1084	-102.3094	42.20103	0.1671104	1.98307	0.950114
7206	-59.06255	-100.7802	41.71769	0.7642473	2.014394	0.7947502
7212	-60.1006	-100.9807	40.88009	0.9361508	3.760169	0.4337092
7218	-64.48223	-105.8736	41.39133	1.253159	1.941542	0.4445671
7224	-58.02642	-100.9783	42.95183	0.387151	0.7378585	1.016124
7230	-55.40586	-98.48246	43.0766	0.3138204	0.5060073	1.265525
7236	-53.52831	-97.06909	43.54079	0.07624161	0.5060073	1.066818
7242	-55.26784	-98.09757	42.82973	0.1038102	1.230185	0.9126643
7248	-56.71779	-99.6658	42.94801	0.06505346	1.113221	0.939094
7254	-60.14463	-104.7379	44.59323	0.009251762	0.1880214	0.3174032
7260	-61.05139	-105.6337	44.58228	0.02019926	0.1880214	0.3174032
7266	-55.11355	-98.75586	43.64231	0.5864494	0.3685329	0.4194995
7272	-50.20347	-93.90113	43.69766	0.5178242	0.3750932	0.4194995
7278	-54.09587	-96.93432	42.83845	1.080954	0.5307863	0.3815318
7284	-62.06798	-104.003	41.935	1.01722	1.443535	0.3815318
7290	-59.22625	-101.4496	42.22335	0.7288742	1.443535	0.3815318
7296	-60.43709	-103.5941	43.15699	0.9998966	0.4117287	0.5297963
7302	-56.81937	-99.59958	42.78021	0.1950188	1.109511	0.9821198
7308	-51.98869	-95.80313	43.81444	0.5318108	0.3201497	0.4901912
7314	-52.5586	-95.47274	42.91414	0.0147664	1.274243	0.8757575
7320	-54.75968	-98.71695	43.95726	0.03379204	0.5032923	0.5579553
7326	-57.04939	-100.5811	43.53168	0.005518292	0.5032923	1.143798
7332	-58.87193	-102.7554	43.8835	0.01133715	0.5032923	0.7616999
7338	-56.13202	-98.45487	42.32286	0.6747991	1.403549	0.6027699
7344	-53.88467	-97.25288	43.3682	0.2996899	0.7326107	0.4804694
7350	-49.53778	-91.65954	42.12176	0.6669143	1.459565	0.2541664
7356	-51.42096	-95.0044	43.58344	0.5287649	0.4240694	0.6158343
7362	-51.82515	-95.28301	43.45787	0.762754	0.3448377	0.3334595
7368	-50.2094	-92.47885	42.26945	0.6693101	1.466963	0.631057
7374	-52.83577	-95.67703	42.84126	0.6545339	0.7951857	0.3112922
7380	-57.15967	-99.89881	42.73914	0.2928177	1.290602	0.3310506
7386	-52.66577	-96.43344	43.76767	0.1336085	0.524254	0.6973315
7392	-53.63481	-97.98497	44.35015	0.08449286	0.2817471	0.5244308
7398	-53.48242	-97.79684	44.31443	0.02233956	0.2393139	0.8943891
7404	-55.84039	-99.76769	43.9273	0.2800571	0.240868	1.025321
7410	-56.98047	-100.6449	43.66446	0.06420789	0.4655218	1.025321
7416	-51.87412	-94.19199	42.31787	0.3673837	1.849987	0.4025188
7422	-51.60101	-94.6553	43.05429	0.7027568	0.5985826	0.3143038
7428	-55.18186	-99.12019	43.93833	0.7445925	0.1814294	0.6312799
7434	-53.47316	-96.35997	42.88682	0.7445925	0.7352487	0.3807715
7440	-53.7487	-96.31543	42.56672	0.8993111	0.8758626	0.3807715
7446	-53.93565	-96.19849	42.26284	0.7695137	1.329	0.3676996
7452	-49.57439	-92.33826	42.76388	0.8238771	0.7989631	0.4962392
7458	-48.24119	-91.03408	42.79289	0.08661223	1.491255	0.712037
7464	-49.55645	-92.86202	43.30556	0.1058871	0.8601507	0.7668246
7470	-62.62051	-104.0153	41.39484	0.6569417	2.974744	0.7261389
7476	-61.21049	-103.1353	41.92484	0.2494907	2.454577	0.8821721
7482	-54.92361	-98.3085	43.3849	0.8391705	0.3502594	0.6884771
7488	-59.35351	-101.9475	42.59401	0.2931422	1.28223	0.9155203
7494	-56.77034	-99.62536	42.85503	0.6940077	0.7910667	0.6715287
7500	-54.33597	-96.12371	41.78774	0.8933559	1.826664	0.3706176
7506	-53.44431	-96.65254	43.20823	0.2443047	0.6698375	0.9908582
7512	-53.89238	-97.11327	43.22089	0.1605996	0.7174627	0.9995482
7518	-51.03641	-94.593	43.55659	0.2213905	0.5792128	0.7587958
7524	-57.89906	-99.44303	41.54397	0.527767	2.490217	0.9742936
7530	-57.40991	-99.72348	42.31358	0.5778504	1.247514	0.224008
7536	-59.62015	-102.5383	42.91814	0.0880702	1.361209	0.6616387
7542	-58.638	-100.2753	41.6373	0.4066975	3.116604	0.6262898
7548	-54.34784	-98.63827	44.29044	0.2198781	0.2485945	0.5703878
7554	-59.48661	-102.7114	43.22476	0.3598799	0.785659	0.6037709
7560	-54.70082	-97.73245	43.03162	0.1126183	1.198654	0.655256
7566	-52.47922	-94.55985	42.08063	0.6696092	1.761819	0.5848517
7572	-52.95093	-95.0607	42.10977	0.7412308	1.579326	0.3782889
7578	-52.19434	-94.56879	42.37445	0.4950093	1.546175	0.6564443
7584	-47.87228	-91.52332	43.65105	0.6091104	0.3250328	0.7201287
7590	-52.16417	-96.18215	44.01797	0.02291626	0.1993982	1.276887
7596	-53.32635	-96.48978	43.16343	0.3428316	0.7618871	0.7947551
7602	-56.06208	-99.00306	42.94098	0.2777271	0.732431	1.134981
7608	-55.24985	-99.17985	43.93	0.7815357	0.1816839	0.4993756
7614	-52.55991	-96.21418	43.65427	0.03794322	0.6300016	0.7764386
7620	-50.73632	-95.03791	44.30159	0.1082214	0.2721907	0.6740915
7626	-56.64821	-99.53313	42.88492	0.2300319	1.072873	0.8671814
7632	-60.79281	-103.895	43.10215	1.616905	0.03104552	0.1284845
7638	-65.19616	-108.6696	43.4734	1.616905	0.07387919	0.3772568
7644	-56.26675	-99.14258	42.87583	0.9675637	0.5219139	0.7914547
7650	-61.97739	-104.7178	42.74042	0.8298028	0.7594241	0.3405567
7656	-53.66421	-96.71619	43.05198	0.8298028	0.4380292	0.233621
7662	-53.58101	-95.99662	42.4156	0.7831022	1.072658	0.3082659
7668	-54.8558	-97.93884	43.08304	0.213556	1.072658	0.5345702
7674	-52.48421	-95.58909	43.10488	0.3644816	0.7677435	0.8333379
7680	-53.3853	-97.11475	43.72945	0.179983	0.5466373	0.6026595
7686	-50.06041	-92.8771	42.81668	0.0475084	1.513107	0.7108352
7692	-52.88287	-94.73878	41.85592	0.1849892	3.176267	0.5571205
7698	-53.04582	-94.87642	41.8306	0.3022445	2.655606	0.8143067
7704	-51.30818	-95.3853	44.07712	0.06765498	0.4149736	0.5646775
7710	-55.06907	-97.13996	42.07089	1.098396	1.196039	0.4125882
7716	-53.92183	-96.08691	42.16508	0.4126013	2.040549	0.4179403
7722	-55.4888	-97.31749	41.82869	0.7557771	2.040549	0.438079
7728	-53.17717	-94.16388	40.98671	0.9339872	3.477751	0.438079
7734	-50.3376	-93.6178	43.28021	0.07006108	0.9975139	0.6119477
7740	-52.83138	-96.13037	43.29899	0.7603281	0.4386239	0.6742993
7746	-59.5111	-103.5528	44.04172	0.5156339	0.2057386	0.7289874
7752	-55.88872	-99.09389	43.20517	0.05158286	0.7339424	1.09881
7758	-52.88126	-95.9809	43.09964	0.2235517	0.9722521	0.7185729
7764	-53.24802	-96.78846	43.54044	0.04050458	0.8046042	0.4903785
7770	-55.63122	-98.06621	42.435	0.7856913	1.088444	0.6996025
7776	-54.25732	-96.53537	42.27805	0.07249052	1.83719	1.056238
7782	-59.09141	-100.9335	41.84208	0.8603394	1.82093	0.6149622
7788	-52.01588	-94.51203	42.49615	0.07674635	2.0353	0.6149622
7794	-54.61643	-97.42517	42.80874	0.8819058	0.5123915	0.2084637
7800	-56.49787	-97.84388	41.34601	1.310597	1.930203	0.4745433
7806	-53.19692	-95.61829	42.42137	0.6855412	1.266314	0.6057586
7812	-56.80811	-98.95662	42.14852	0.596385	1.780255	0.4455498
7818	-59.54864	-102.8054	43.2568	0.9751658	0.3055763	0.2751856
7824	-59.14347	-102.2198	43.07633	0.5621091	0.7249059	0.6550081
7830	-61.84308	-104.7913	42.9482	0.7973221	0.6409887	0.3657791
7836	-62.89191	-106.3227	43.43083	0.1451902	0.6255664	0.9254279
7842	-50.92897	-94.06808	43.13911	0.2068702	0.9951311	0.6291382
7848	-54.76618	-96.78386	42.01768	1.002058	1.345146	0.3681632
7854	-56.24841	-98.2719	42.02349	1.002058	1.338575	0.3689456
7860	-54.40838	-95.95829	41.54991	1.019397	2.081563	0.4960972
7866	-58.02809	-99.41333	41.38524	0.09642587	4.090687	0.921057
7872	-59.88511	-103.4515	43.56643	0.1513868	0.4881245	0.9978521
7878	-58.27512	-100.7483	42.47322	0.6183724	1.192718	0.7550602
7884	-56.05405	-96.69338	40.63933	0.2278304	7.135934	0.3524388
7890	-58.26399	-99.81554	41.55156	0.7227273	2.584482	0.3820978
7896	-59.44717	-101.8805	42.43336	0.3280374	1.63166	0.741111
7902	-61.17269	-102.0198	40.84709	1.451827	2.421267	0.741111
7908	-60.47908	-101.0634	40.58433	1.646369	1.838827	0.1544962
7914	-53.60879	-96.41598	42.80719	1.025316	0.4889251	0.2522557
7920	-54.77176	-98.47327	43.70151	0.6037919	0.2708579	0.8350773
7926	-55.33717	-99.66014	44.32297	0.05348888	0.2431751	0.8350773
7932	-52.96531	-95.328	42.36269	0.9851695	0.9047699	0.2928843
7938	-56.43351	-99.14883	42.71532	0.9851695	0.6024476	0.2774918
7944	-57.86443	-101.0973	43.23287	0.9851695	0.3307133	0.765463
7950	-58.3109	-102.019	43.70806	1.083964	0.07955837	0.2028063
7956	-56.75002	-100.0802	43.33014	1.083964	0.2886329	0.5523457
7962	-59.45321	-101.1753	41.72209	0.2529635	2.433314	1.095353
7968	-59.62825	-102.6749	43.04668	0.1869817	0.5642043	1.31851
7974	-54.32619	-97.92282	43.59664	0.3726437	0.5204386	0.4921032
7980	-53.57242	-96.75257	43.18015	0.1778347	0.9832797	0.6290027
7986	-51.50102	-94.58984	43.08882	0.07249484	1.200681	0.6102869
7992	-59.90116	-102.9862	43.08506	1.200825	0.3186055	0.3417652
7998	-53.77366	-96.81598	43.04232	1.200825	0.3078876	0.2857104
8004	-53.8	-96.67499	42.87499	0.9629045	0.5207239	0.2857104
8010	-56.42877	-99.25198	42.82321	0.09416147	1.47541	0.6641938
8016	-54.48448	-97.0912	42.60673	0.4541663	1.323742	0.6022945
8022	-54.59883	-98.4233	43.82447	0.435363	0.3570003	0.5624251
8028	-55.04314	-98.90654	43.8634	0.2994753	0.4034194	0.4278553
8034	-61.63953	-102.8928	41.25324	0.2390342	4.764416	0.4278553
8040	-60.38728	-102.1413	41.75399	1.136778	1.283471	0.2365633
8046	-55.24182	-97.81153	42.56972	0.8818253	0.7291343	0.2365633
8052	-58.65821	-101.6522	42.99402	0.5703641	0.752965	0.3267328
8058	-56.53399	-99.41109	42.8771	0.4947971	0.9212411	0.3267328
8064	-62.12686	-104.9713	42.84441	0.0677581	1.48647	0.6580341
8070	-56.10292	-99.73401	43.63109	0.03136179	0.7371831	0.5157282
8076	-50.72201	-94.42408	43.70206	0.5257508	0.328546	0.3083807
8082	-56.00039	-99.57613	43.57574	0.217803	0.3742274	1.124243
8088	-59.15226	-101.2852	42.13293	0.173483	1.859803	1.084401
8094	-55.08628	-96.9311	41.84482	0.6293983	1.508716	1.146397
8100	-54.82718	-97.61783	42.79065	0.05913623	1.058057	1.146397
8106	-59.36326	-100.2111	40.84779	1.338927	2.815751	0.5874889
8112	-55.98593	-97.73093	41.745	1.338927	1.031534	0.2225561
8118	-53.17676	-97.04324	43.86648	0.02403607	0.5677693	0.5522668
8124	-55.92041	-99.31248	43.39207	0.2464522	0.5677693	0.9489016
8130	-54.19546	-97.28674	43.09128	1.123855	0.3567446	0.3550688
8136	-58.82132	-101.5072	42.68592	1.5131	0.3113304	0.2636387
8142	-52.02678	-95.9495	43.92272	0.3107055	0.2487256	0.9785305
8148	-55.00202	-97.93922	42.93719	0.1467707	0.7310281	1.252496
8154	-58.9442	-99.64199	40.69779	0.8697275	4.46405	0.6235735
8160	-63.08098	-104.8156	41.73466	0.2932992	3.016171	0.7359444
8166	-57.86972	-101.0384	43.16871	0.1199058	0.598765	1.231
8172	-58.31386	-100.1562	41.84235	0.4893291	2.528055	0.4623725
8178	-61.00483	-101.976	40.97117	0.416851	5.173813	0.5128256
8184	-63.45902	-105.3813	41.92224	0.4264017	1.883644	1.030362
8190	-54.53972	-97.7066	43.16688	0.4864911	0.6734366	0.7463052
8196	-60.46214	-101.5588	41.09666	0.4636005	4.233923	0.7667124
8202	-55.02965	-97.0726	42.04294	0.2508224	2.466618	0.7130118
8208	-57.47866	-100.1509	42.67225	0.4403516	1.28166	0.524709
8214	-59.30363	-102.0332	42.72962	0.69334	0.9055325	0.6647119
8220	-61.30715	-105.4232	44.11602	0.1218024	0.3666626	0.4348757
8226	-56.29207	-100.3099	44.01779	0.4744298	0.240582	0.6720758
8232	-57.63511	-101.0068	43.37166	0.4630839	0.5760745	0.6720758
8238	-60.89187	-104.7044	43.81256	0.5205273	0.3047178	0.6720758
8244	-55.86965	-99.77524	43.90559	0.1106018	0.4915653	0.4833706
8250	-66.00069	-107.4154	41.41473	0.9607452	2.117282	0.2601269
8256	-63.61367	-105.1862	41.57255	0.9607471	2.117282	0.59443
8262	-63.44385	-107.4539	44.01007	0.8888591	0.1233841	0.59443
8268	-62.86305	-106.7914	43.92833	0.7875689	0.1648423	0.3577733
8274	-57.18589	-100.6413	43.45544	0.6785971	0.4118719	0.618439
8280	-58.58712	-100.9185	42.33136	1.729719	0.2263295	0.1469564
8286	-56.95753	-99.66101	42.70348	1.269289	0.4078908	0.2500218
8292	-59.73941	-100.4224	40.68299	1.149768	3.597934	0.3560854
8298	-54.30071	-95.34527	41.04456	1.122589	2.84211	0.4032493
8304	-58.64712	-100.9104	42.26331	1.075846	0.9758397	0.3521306
8310	-62.66301	-105.8129	43.14987	0.0446878	0.9758397	0.885503
8316	-60.55753	-103.6585	43.10095	0.5231184	0.707525	0.3289627
8322	-64.15153	-105.6482	41.4967	0.09378834	2.268323	1.481087
8328	-54.54645	-96.90764	42.36118	0.7032948	1.325891	0.423302
8334	-57.48231	-100.8173	43.33504	0.2305167	0.7915229	0.6351421
8340	-54.59325	-97.70577	43.11252	0.3252786	0.9325131	0.523857
8346	-53.78588	-97.5108	43.72492	0.1990926	0.2962681	1.158857
8352	-51.8804	-95.7088	43.8284	0.1129876	0.2962681	1.143501
8358	-51.43188	-95.69298	44.2611	0.3765011	0.205611	0.4773662
8364	-51.25991	-94.31738	43.05747	0.7530093	0.6084353	0.3960556
8370	-51.84896	-95.42321	43.57425	0.05035981	0.5797393	0.9446046
8376	-58.04563	-100.7151	42.66943	0.5743297	0.8558375	0.9712434
8382	-59.2661	-101.2039	41.93782	0.2132089	2.778996	0.7041812
8388	-57.99208	-99.30515	41.31307	0.2166719	4.014188	0.8959311
8394	-53.5179	-96.51793	43.00003	0.02512312	1.376888	0.426856
8400	-57.27097	-101.5201	44.24912	0.0002771799	0.3516076	0.6300611
8406	-61.42922	-103.5207	42.0915	0.00611317	3.0529	0.5107648
8412	-53.05477	-94.96928	41.91451	0.1629137	3.0529	0.6079426
8418	-60.11537	-100.0679	39.95257	1.861078	2.760646	0.171866
8424	-62.04927	-100.1806	38.13133	1.795907	7.170576	0.08050428
8430	-56.2457	-98.32047	42.07477	1.514919	0.5582035	0.1986085
8436	-56.37115	-96.95445	40.5833	0.6208345	5.708332	0.365575
8442	-58.74044	-101.5371	42.79666	0.3468072	0.8423103	1.083906
8448	-60.90015	-103.3546	42.45444	0.5986535	1.203822	0.7956331
8454	-60.13024	-101.9793	41.8491	0.4694907	2.388926	0.3207861
8460	-57.30672	-101.434	44.12726	0.6236912	0.1564227	0.6626536
8466	-58.09367	-101.8975	43.80379	0.803117	0.1737841	0.2864889
8472	-61.34149	-103.9346	42.59308	1.281533	0.5124555	0.3023712
8478	-63.95087	-105.4146	41.46375	1.596794	0.635396	0.1096118
8484	-67.40065	-109.3957	41.99503	1.538594	0.7994331	0.3536534
8490	-66.31057	-107.5727	41.26218	0.7497021	3.203466	0.6179214
8496	-57.74453	-101.4081	43.66355	0.1708232	0.388532	1.060327
8502	-54.84142	-98.96859	44.12717	0.140723	0.300315	0.7916502
8508	-55.34918	-98.89508	43.54589	0.04340117	0.538583	1.043518
8514	-61.6134	-105.611	43.99763	0.0388361	0.4766476	0.5543684
8520	-51.59891	-94.85984	43.26093	0.5828906	0.5993	0.4514533
8526	-54.73855	-98.74431	44.00576	0.865116	0.1336407	0.4514533
8532	-54.83705	-96.27719	41.44014	1.055173	2.20008	0.4389884
8538	-53.45229	-94.56464	41.11235	1.159153	2.07728	0.2054628
8544	-55.10702	-96.10236	40.99534	1.517072	2.066088	0.3399103
8550	-48.00184	-90.4982	42.49636	0.3660571	1.594179	0.4218094
8556	-49.8828	-91.92133	42.03853	0.6988208	1.780684	0.4218094
8562	-51.50544	-95.65727	44.15182	0.4151721	0.2177701	0.6475587
8568	-49.81599	-93.12648	43.31049	0.1286117	0.8981423	0.6475587
8574	-47.36872	-91.17973	43.81101	0.28113	0.3879265	0.7758499
8580	-48.62867	-90.5231	41.89443	0.6330662	2.117008	0.611848
8586	-51.94086	-94.43886	42.498	0.2827868	1.680404	0.646741
8592	-53.64436	-97.04054	43.39618	0.3494991	0.5434375	0.871406
8598	-54.39396	-96.5611	42.16713	0.2506615	2.172786	0.758927
8604	-54.40475	-97.21341	42.80867	0.9694413	0.5756584	0.3039482
8610	-56.25858	-98.36868	42.1101	0.940449	1.326752	0.6237539
8616	-53.19285	-94.69726	41.50441	1.183151	1.390887	0.1928082
8622	-54.72943	-97.76802	43.03859	0.2211618	1.019287	0.7442601
8628	-56.6025	-100.4785	43.87597	0.322077	0.2171811	1.095959
8634	-57.06006	-99.6217	42.56164	1.104582	0.6811234	0.3365169
8640	-51.07002	-94.25381	43.18378	0.8955075	0.3328311	0.2288747
8646	-52.09235	-94.82642	42.73408	1.009876	0.4720307	0.2034979
8652	-57.25912	-100.0737	42.8146	1.207492	0.3318259	0.2060564
8658	-57.57763	-100.0763	42.49868	0.6907894	1.191443	0.5245539
8664	-54.18803	-96.29223	42.10421	0.7733659	1.576393	0.429369
8670	-56.42179	-98.82488	42.40309	0.7733659	1.177228	0.3932026
8676	-57.16133	-100.5856	43.42429	0.8510538	0.3113245	0.3158828
8682	-51.55566	-95.26371	43.70804	0.05780567	0.6358013	0.6350878
8688	-54.61706	-97.07235	42.4553	0.2689045	1.641041	0.2937109
8694	-57.16466	-100.3568	43.19211	0.2354167	0.8736375	0.719279
8700	-59.26301	-103.0733	43.81024	0.30236	0.3434795	0.255223
8706	-51.10575	-94.19697	43.09122	0.4917993	0.6867042	0.2768653
8712	-53.46518	-95.30205	41.83687	0.6184763	2.21256	0.6577925
8718	-61.69365	-103.8313	42.1376	0.1486354	2.21256	0.8979747
8724	-56.94362	-100.8934	43.94978	0.2340936	0.3584239	0.7278466
8730	-55.42428	-97.3267	41.90242	0.2176436	2.998335	0.5202665
8736	-49.59176	-92.56827	42.97651	0.8682581	0.6019276	0.5119342
8742	-50.89715	-94.96841	44.07127	0.5685561	0.1590157	0.2761643
8748	-54.53033	-97.0902	42.55988	0.3997121	1.292835	0.8195663
8754	-53.43818	-97.22484	43.78666	0.02810288	0.5313657	0.8095133
8760	-54.11003	-97.82214	43.71211	0.1964866	0.47442	0.8095133
8766	-60.10602	-103.1677	43.06163	0.02496956	1.118636	0.8499818
8772	-60.82811	-101.9026	41.07445	0.7281505	3.409551	0.2722444
8778	-65.6791	-108.7501	43.07104	0.6865504	0.5250431	0.8911925
8784	-62.25491	-104.7872	42.53228	0.4698682	1.235348	0.8266809
8790	-60.61648	-105.1086	44.49211	0.07336705	0.2278223	0.5735004
8796	-61.9593	-105.7307	43.77143	0.1037143	0.491978	0.8143561
8802	-55.3671	-98.04743	42.68033	0.333985	1.376051	0.3995498
8808	-58.17308	-100.4765	42.30345	0.7461684	1.358853	0.4720799
8814	-62.08096	-106.4409	44.35999	0.1903919	0.2350065	0.4504615
8820	-60.31273	-103.3183	43.00561	0.2662245	1.038547	0.6934075
8826	-60.0537	-102.6435	42.5898	0.5742828	1.198103	0.6088271
8832	-57.29829	-99.2181	41.91981	0.2485822	2.728454	0.3338907
8838	-54.99895	-99.4309	44.43195	0.3162206	0.1701823	0.4869454
8844	-56.52484	-97.33676	40.81191	1.018229	3.488747	0.3126832
8850	-58.49122	-102.1839	43.69264	0.1034721	0.5390218	0.8180509
8856	-65.04598	-108.1534	43.10737	0.1075946	0.6093328	1.279505
8862	-51.19906	-94.74222	43.54316	0.2558871	0.622942	0.4160895
8868	-50.46537	-93.40164	42.93626	1.253722	0.2969081	0.2420049
8874	-53.66273	-97.67418	44.01146	0.9229323	0.106721	0.3619985
8880	-60.43437	-104.9711	44.53671	0.2154922	0.1686835	0.4755765
8886	-56.28803	-99.46789	43.17986	0.5538345	0.6751758	0.4344073
8892	-58.42967	-100.872	42.44236	0.8997454	0.8769921	0.834323
8898	-61.45655	-104.6706	43.21404	0.05400261	0.541085	1.319521
8904	-51.73862	-93.21532	41.47669	1.115814	1.813559	0.2814558
8910	-52.06613	-93.82262	41.75649	0.3266205	2.725155	0.8364886
8916	-49.76355	-92.66702	42.90347	0.2571989	1.127615	0.73862
8922	-59.76743	-103.3593	43.59189	0.4583549	0.4230964	0.73862
8928	-54.5281	-97.56828	43.04018	0.06939869	0.6995373	1.264716
8934	-51.72727	-94.37901	42.65175	0.03981461	1.762667	0.7129332
8940	-56.31076	-101.0792	44.76847	0.1676756	0.1005317	0.7129332
8946	-50.51025	-94.85826	44.34801	0.5975099	0.1005317	0.3442794
8952	-48.62106	-92.73394	44.11289	0.6828859	0.1005317	0.2411644
8958	-56.12762	-99.22227	43.09465	0.6845664	0.5151152	0.8847264
8964	-58.34395	-99.09562	40.75167	0.3814638	5.902161	0.3383594
8970	-46.20584	-89.82938	43.62355	0.2157327	0.6023001	0.4506026
8976	-47.57443	-91.74626	44.17183	0.1593605	0.3143832	0.390427
8982	-45.42176	-89.68382	44.26206	0.1651352	0.2844429	0.5329812
8988	-48.88983	-92.71116	43.82133	0.1144132	0.3526399	1.033011
8994	-54.47831	-96.33918	41.86087	0.5704536	2.273934	0.3832097
9000	-50.19017	-91.46497	41.2748	0.3389191	4.160879	0.7212199
9006	-45.82919	-88.49222	42.66303	0.1096069	1.633603	0.7212199
9012	-49.34659	-92.34038	42.99379	0.883927	0.5796572	0.4941928
9018	-56.4324	-98.73187	42.29947	0.9765231	1.043746	0.357341
9024	-54.45909	-96.84084	42.38175	1.163049	0.7883696	0.3513165
9030	-57.89172	-101.139	43.24727	0.4502984	0.5420612	0.9279938
9036	-56.75061	-100.4861	43.73546	0.3979763	0.3092812	0.9279938
9042	-50.2753	-94.00666	43.73136	0.4753501	0.3680861	0.3752609
9048	-53.3124	-96.9074	43.595	0.5950035	0.3784092	0.3817061
9054	-53.13502	-95.94132	42.8063	0.9708154	0.6260915	0.3817061
9060	-53.75701	-96.38907	42.63206	0.7268931	0.987939	0.4006989
9066	-56.8894	-99.19609	42.30669	0.8886941	1.066884	0.3013852
9072	-60.68193	-102.5262	41.84425	1.132042	1.429704	0.6065014
9078	-59.68777	-101.4734	41.78561	0.658196	2.291139	0.5773916
9084	-62.14683	-106.3264	44.17954	0.1175069	0.1260233	1.269808
9090	-55.11078	-99.03366	43.92289	0.1516327	0.4562164	0.4627725
9096	-52.68654	-95.40883	42.72229	0.2517194	1.458647	0.5124637
9102	-55.41846	-99.05977	43.64131	0.2517194	0.5038839	0.7629242
9108	-55.30166	-97.1211	41.81944	0.537988	2.408763	0.3768073
9114	-49.33233	-93.69387	44.36154	0.2902228	0.1987751	0.4424198
9120	-57.64134	-99.68857	42.04723	0.4523037	1.643988	1.03465
9126	-51.1772	-93.80058	42.62337	0.3419573	1.143392	0.9604033
9132	-54.50567	-98.1673	43.66164	0.1486516	0.4557002	0.9604033
9138	-54.89076	-98.73095	43.84018	0.4263669	0.2593672	0.9141932
9144	-53.15364	-96.71688	43.56324	0.06364445	0.7652687	0.5262967
9150	-50.58359	-94.05031	43.46672	0.1364837	0.7652687	0.3963381
9156	-56.40628	-98.04889	41.64261	0.581954	2.695433	0.3862672
9162	-53.24398	-95.3653	42.12132	0.7929631	1.34699	0.2758856
9168	-51.79617	-95.19308	43.39691	0.7929631	0.3782833	0.6413866
9174	-57.61029	-100.0852	42.4749	0.7018212	1.137461	0.6973866
9180	-54.24347	-95.80579	41.56232	1.246784	0.9077566	0.1217497
9186	-48.81281	-92.42572	43.61291	0.6804749	0.274098	0.2671333
9192	-56.02255	-98.20334	42.1808	0.3774407	1.354672	1.175642
9198	-48.95848	-92.38502	43.42653	0.7296598	0.4121436	0.4720717
9204	-54.99206	-97.84658	42.85452	0.2489528	1.284354	0.5662907
9210	-57.08985	-100.0586	42.96875	0.4315947	0.9492383	0.6097256
9216	-50.04884	-92.16152	42.11267	0.2954984	2.338619	0.4029685
9222	-55.85837	-97.4572	41.59884	0.1768749	3.758668	0.6765812
9228	-55.71504	-99.8756	44.16056	0.04997182	0.3597918	0.6765812
9234	-61.8694	-104.883	43.01359	0.2411163	1.088355	0.6311632
9240	-54.19035	-98.23834	44.04798	0.2063821	0.3565158	0.5873375
9246	-50.63772	-94.5415	43.90378	0.6512114	0.234948	0.4801724
9252	-48.42704	-91.32293	42.89589	0.6512114	0.8262716	0.4365211
9258	-53.43647	-96.04729	42.61082	1.261404	0.5320374	0.3269759
9264	-51.77963	-94.00505	42.22542	0.9471837	1.035215	0.2664788
9270	-52.44621	-94.69369	42.24748	0.4153811	1.414186	0.1907288
9276	-49.36613	-93.02053	43.6544	0.5124492	0.381551	0.6756923
9282	-57.14306	-99.61733	42.47427	0.8465728	1.033836	0.4173561
9288	-52.10515	-94.33922	42.23408	0.1600519	1.651162	1.128166
9294	-50.29863	-93.22673	42.92811	0.1210992	1.212624	0.790575
9300	-48.61993	-92.72132	44.10139	0.09843958	0.3902785	0.4955944
9306	-49.93683	-93.538	43.60117	0.04838574	0.7205375	0.6428768
9312	-53.73249	-97.8336	44.10112	0.06397538	0.3092822	0.8928698
9318	-58.8024	-103.1918	44.38937	0.1504846	0.2333172	0.6078604
9324	-55.33365	-99.73959	44.40593	0.5697048	0.1052543	0.5807465
9330	-58.4703	-101.3059	42.83563	0.1219226	1.231003	0.8848111
9336	-55.56867	-97.87188	42.3032	1.021904	1.042975	0.4673543
9342	-57.49647	-100.6332	43.13672	0.4614753	0.4425002	1.182012
9348	-54.51171	-96.75614	42.24443	0.1638079	1.768668	1.042783
9354	-51.85808	-95.44903	43.59096	0.3198602	0.5057666	0.3234943
9360	-50.3821	-94.24263	43.86053	0.4135641	0.3324182	0.6659214
9366	-58.36983	-101.7494	43.37955	0.1371922	0.8544201	0.4426357
9372	-53.02654	-96.51431	43.48777	0.5661792	0.4580957	0.6072837
9378	-55.93609	-97.43317	41.49708	1.410127	1.377305	0.2867533
9384	-48.296	-92.32941	44.03341	0.3104062	0.3213276	0.498544
9390	-51.54814	-95.50268	43.95455	0.3672965	0.3213276	0.612271
9396	-58.30311	-101.047	42.74385	0.2160234	1.476174	0.4744208
9402	-57.00801	-99.50553	42.49751	0.7042995	1.178119	0.5167063
9408	-56.38413	-98.8171	42.43297	0.769136	1.178119	0.5112557
9414	-59.70444	-102.9946	43.29017	0.05978782	0.9362045	0.7355037
9420	-57.05459	-99.55699	42.5024	1.205245	0.6631387	0.3560049
9426	-58.59715	-101.1172	42.52009	0.9433627	0.9065102	0.540609
9432	-55.06023	-98.17422	43.11399	0.07636223	1.114044	0.7108242
9438	-60.76363	-102.0331	41.26952	0.4280126	1.347652	1.830056
9444	-64.64656	-105.7245	41.07792	0.3391344	1.797116	1.803034
9450	-54.75737	-96.4177	41.66032	1.051288	1.841857	0.4825733
9456	-54.56879	-97.93789	43.3691	0.04482942	0.8038392	0.8484539
9462	-57.25219	-100.5851	43.33294	0.176868	0.4679603	1.219255
9468	-60.35707	-103.4597	43.10262	0.8076447	0.4679603	0.2757169
9474	-52.26979	-95.964	43.69421	0.01833918	0.5538724	0.8910131
9480	-52.9898	-96.42352	43.43372	0.5288499	0.5214214	0.5530428
9486	-57.30471	-100.0539	42.74916	0.8023108	0.8051591	0.3890287
9492	-53.50484	-96.8239	43.31906	0.216652	0.8051591	0.6648956
9498	-55.30593	-97.3716	42.06567	0.1602556	1.678217	1.257291
9504	-55.29236	-97.2237	41.93134	0.1749248	2.654133	0.263168
9510	-49.64725	-93.05147	43.40422	0.08677625	0.739246	0.8499788
9516	-53.9497	-97.71541	43.76571	0.7600655	0.18342	0.2565976
9522	-52.18871	-94.62842	42.43971	0.2530278	1.865888	0.5491398
9528	-57.33627	-100.9043	43.56806	0.2652279	0.5909703	0.6272372
9534	-56.18996	-99.72609	43.53612	0.08929576	0.5777906	0.9468321
9540	-58.71611	-101.5109	42.7948	0.3068722	0.9793306	0.9817763
9546	-57.79851	-101.0359	43.23742	0.8690116	0.3338323	0.8973575
9552	-61.02858	-102.7582	41.7296	0.8799287	2.008258	0.4685052
9558	-60.48933	-103.0466	42.55723	0.7010756	1.013415	0.3100451
9564	-63.1856	-105.6146	42.42902	0.1964114	1.90828	0.6669713
9570	-65.32149	-109.0698	43.74827	0.9614694	0.1469676	0.7834812
9576	-67.50507	-110.9266	43.42153	1.03053	0.2297942	0.7834812
9582	-56.11402	-99.51996	43.40594	0.1662557	0.7322599	0.7535663
9588	-52.02635	-94.77137	42.74503	0.6462613	0.9595244	0.6052097
9594	-54.6307	-97.49599	42.8653	0.7331113	0.6678063	0.8317886
9600	-50.46192	-94.92612	44.46419	0.01648316	0.2600094	0.435265
9606	-53.45742	-96.17532	42.7179	0.1457443	1.611727	0.5102154
9612	-57.65707	-98.96362	41.30655	0.6540486	3.357996	0.5893056
9618	-52.61466	-93.41039	40.79573	1.61533	0.8129791	0.0657484
9624	-54.47708	-95.48893	41.01185	1.645681	0.759286	0.08140277
9630	-55.03332	-93.784	38.75068	1.571076	6.076531	0.09669388
9636	-50.90715	-92.69226	41.78511	0.1352193	3.322391	0.3371154
9642	-51.66972	-94.56866	42.89894	0.6883116	0.7982632	0.5265085
9648	-49.64992	-93.24119	43.59128	0.6519203	0.36792	0.5265085
9654	-57.77315	-101.1652	43.39201	0.981836	0.1965445	0.2084456
9660	-56.85297	-99.09166	42.23869	0.9764985	1.117075	0.3684537
9666	-55.29151	-98.00962	42.71811	0.5048422	1.117075	0.3799977
9672	-50.1292	-93.91944	43.79023	0.89564	0.1461487	0.2770009
9678	-52.14548	-95.39301	43.24754	0.82363	0.3713966	0.8462827
9684	-60.59145	-103.7041	43.11262	0.2036028	0.8423921	0.9100904
9690	-55.38945	-98.62336	43.23391	0.3016712	0.8423921	0.5313224
9696	-58.34943	-102.0359	43.68648	0.3078868	0.461111	0.3310135
9702	-61.82435	-103.9627	42.13838	0.7415802	1.366786	0.8446756
9708	-57.19075	-99.16749	41.97673	0.01909509	3.20922	0.6504169
9714	-59.68805	-102.0911	42.40306	0.2129959	1.604903	0.9440643
9720	-58.46765	-101.4051	42.93742	0.03904971	1.034942	1.050584
9726	-55.36694	-96.76488	41.39794	1.006422	2.004919	0.2422265
9732	-52.63295	-95.07371	42.44077	0.9376883	0.7623107	0.223024
9738	-52.30699	-95.53191	43.22492	0.6730894	0.5469783	0.3882265
9744	-55.73278	-98.81518	43.08239	0.1779422	0.8312314	0.9828748
9750	-57.08093	-99.92694	42.84602	0.7969453	0.742597	0.4230787
9756	-55.98268	-99.49043	43.50775	0.4695674	0.5099617	0.5703473
9762	-50.43425	-93.75458	43.32033	0.680101	0.501321	0.4926048
9768	-49.73096	-94.63464	44.90368	0.1733697	0.08174938	0.4240193
9774	-48.8763	-93.22893	44.35262	0.2112142	0.1783583	0.2687923
9780	-51.89953	-94.56658	42.66705	0.5991666	1.012565	0.3159627
9786	-52.22421	-94.443	42.21879	0.8851431	1.183637	0.3137102
9792	-52.05743	-94.50959	42.45215	0.5902722	1.183637	0.2706597
9798	-51.24604	-94.98616	43.74012	0.1102911	0.5657807	0.3603561
9804	-49.7029	-92.84196	43.13905	0.5139833	0.7414871	0.549037
9810	-57.05984	-99.13839	42.07855	0.19333	2.57981	0.6502895
9816	-61.89454	-103.4295	41.53499	0.7439555	2.57981	0.6343476
9822	-54.60123	-97.47709	42.87586	0.5692968	0.89027	0.3730114
9828	-51.44469	-94.46571	43.02102	0.7781501	0.6318778	0.4611542
9834	-51.06576	-94.79249	43.72673	0.4919958	0.3771964	0.4428418
9840	-48.53715	-92.26996	43.73281	1.003235	0.169535	0.4193768
9846	-52.98394	-96.24456	43.26062	0.3493827	0.728037	0.7016044
9852	-48.61058	-93.27055	44.65997	0.2627585	0.1202707	0.5470597
9858	-48.03128	-91.55055	43.51928	0.1470974	0.7311292	0.5470597
9864	-46.67119	-90.50341	43.83222	0.02317532	0.3989984	1.020452
9870	-46.25382	-89.95196	43.69814	0.07089937	0.6545583	0.4694757
9876	-51.42769	-93.30146	41.87377	0.2234446	3.016323	0.5949218
9882	-48.67608	-91.09649	42.42041	0.8270224	0.9416707	0.2557808
9888	-47.25602	-90.43066	43.17464	0.1723899	1.019669	0.5403119
9894	-50.20507	-93.93711	43.73204	0.4560728	0.3947199	0.5403119
9900	-53.65086	-95.4879	41.83704	0.9782221	1.664709	0.4257515
9906	-219.4241	-233.184	13.75983	28.81759	1.846503	0.2851451
9906	-219.4241	-233.184	13.75983	28.81759	1.846503	0.2851451
9906	-219.4241	-233.184	13.75983	28.81759	1.846503	0.2851451
9906	-219.4241	-233.184	13.75983	28.81759	1.846503	0.2851451
9906	-219.4241	-233.184	13.75983	28.81759	1.846503	0.2851451
